contradiction,label(s)_most_vostes,levels,majority_labels,pair,proportion_most_votes
no,typical_of_concept,all-some,typical_of_property-implied_category-typical_of_concept-variability_limited,yellow-bee,0.9
no,typical_of_property-implied_category-typical_of_concept-variability_open,all-some,affording_activity-typical_of_property-implied_category-typical_of_concept-variability_limited-variability_open,hot-igniter,0.9
no,variability_open,few-some,variability_limited-variability_open-rare-unusual,square-tart,0.8
no,variability_open,all-some,typical_of_property-implied_category-typical_of_concept-variability_limited-variability_open,dangerous-conspiracy,0.9
no,impossible,creative-few,unusual-creative-impossible,fly-damselfish,0.8
no,implied_category,all,implied_category-afforded_usual-afforded_unusual,lay_eggs-trout,0.9
no,variability_open,all-some,typical_of_concept-variability_open,black-dress,1.0
no,affording_activity,all-some,affording_activity-implied_category-typical_of_concept-variability_open,wheels-oxcart,0.9
no,affording_activity-typical_of_property-implied_category-afforded_usual-afforded_unusual-typical_of_concept-variability_limited-variability_open-rare-unusual-creative-impossible,,,_check2-_check2,0.0
no,affording_activity-typical_of_property-implied_category-afforded_usual-afforded_unusual-typical_of_concept-variability_limited-variability_open-rare-unusual-creative-impossible,,,_test1-_test1,0.0
no,unusual,creative-few,rare-unusual-creative,dangerous-bucket,1.0
no,unusual,creative-few,rare-unusual-creative-impossible,sweet-sorrel,0.8
no,affording_activity-typical_of_property-typical_of_concept,all-some,affording_activity-typical_of_property-implied_category-typical_of_concept-variability_open,hot-oven,1.0
no,impossible,creative-few,creative-impossible,lay_eggs-bonobo,0.9
no,unusual,few,rare-unusual,wheels-sleigh,0.7
no,affording_activity-typical_of_concept,all,affording_activity-typical_of_concept,square-floppy,0.7
no,unusual-creative,,,yellow-peanut,0.4
no,creative,,,fly-bunting,0.5
no,variability_limited,some,variability_limited,black-sapsucker,1.0
no,affording_activity-typical_of_property-implied_category-afforded_usual-afforded_unusual-typical_of_concept-variability_limited-variability_open-rare-unusual-creative-impossible,,,_test2-_test2,0.0
no,impossible,creative-few,creative-impossible,fly-clarence,0.6666666666666666
no,implied_category-impossible,,,lay_eggs-ichthyosaur,0.4444444444444444
no,typical_of_concept,all-some,typical_of_property-implied_category-typical_of_concept-variability_limited-variability_open,made_of_wood-paddle,0.9
no,variability_open-rare-unusual,few-some,variability_limited-variability_open-rare-unusual,dangerous-gentamicin,0.6666666666666666
no,unusual,creative-few-some,variability_limited-rare-unusual-creative,black-weed,0.8888888888888888
no,rare,few,rare-unusual,yellow-orange,0.8
no,variability_open,all-some,affording_activity-typical_of_property-typical_of_concept-variability_open,hot-pancake,1.0
no,affording_activity,all-some,affording_activity-implied_category-typical_of_concept-variability_limited,wheels-tram,0.8888888888888888
no,affording_activity-typical_of_property-implied_category-afforded_usual-afforded_unusual-typical_of_concept-variability_limited-variability_open-rare-unusual-creative-impossible,,,_check1-_check1,0.0
no,affording_activity-typical_of_property-implied_category-afforded_usual-afforded_unusual-typical_of_concept-variability_limited-variability_open-rare-unusual-creative-impossible,,,_test3-_test,0.0
no,typical_of_concept,all-some,affording_activity-typical_of_property-typical_of_concept-variability_limited-variability_open,made_of_wood-board,0.875
no,typical_of_concept,all-some,typical_of_property-implied_category-typical_of_concept-variability_limited,black-pit,0.75
no,variability_limited,few-some,variability_limited-rare,fly-toy,1.0
no,creative,creative-few,creative-impossible,sweet-jack,0.875
no,implied_category,all,implied_category-typical_of_concept,dangerous-adze,0.75
no,typical_of_concept,all-some,affording_activity-typical_of_property-implied_category-typical_of_concept-variability_open,hot-griddle,0.875
no,impossible,few,impossible,wheels-heap,0.875
no,affording_activity-typical_of_property-implied_category-afforded_usual-afforded_unusual-typical_of_concept-variability_limited-variability_open-rare-unusual-creative-impossible,,,_test4-_test,0.0
no,affording_activity-typical_of_concept,all-some,affording_activity-implied_category-typical_of_concept-variability_limited,sweet-loquat,1.0
no,typical_of_concept,all-some,typical_of_property-implied_category-typical_of_concept-variability_limited,yellow-lemonade,1.0
no,rare-unusual-creative,,,dangerous-bit,0.5
no,unusual,few,rare-unusual,made_of_wood-eyelet,0.8
no,variability_open,all-some,affording_activity-variability_open,hot-tortilla,1.0
no,affording_activity-typical_of_concept,,,wheels-stanhope,0.5
no,typical_of_concept-variability_limited,all-some,implied_category-typical_of_concept-variability_limited-variability_open,square-luggage,0.8
no,implied_category,all,implied_category,lay_eggs-flounder,0.7
no,affording_activity-typical_of_property-implied_category-afforded_usual-afforded_unusual-typical_of_concept-variability_limited-variability_open-rare-unusual-creative-impossible,,,_check3-_check3,0.0
no,variability_limited,all-some,affording_activity-implied_category-typical_of_concept-variability_limited,sweet-lemonade,0.8888888888888888
no,unusual,few,rare-unusual,yellow-allspice,0.7777777777777778
no,affording_activity-typical_of_property-implied_category-typical_of_concept,all,affording_activity-typical_of_property-implied_category-typical_of_concept,wheels-bike,1.0
no,variability_limited,few-some,variability_limited-rare-unusual,black-cherry,0.7777777777777778
no,implied_category-afforded_usual-typical_of_concept,all,implied_category-afforded_usual-typical_of_concept,fly-bomber,0.7777777777777778
no,implied_category-variability_limited,all-some,implied_category-typical_of_concept-variability_limited,square-locker,0.7777777777777778
no,affording_activity-typical_of_concept-variability_open,all-some,affording_activity-typical_of_property-implied_category-typical_of_concept-variability_open,hot-shower,1.0
no,impossible,few,impossible,lay_eggs-whiff,0.7777777777777778
no,variability_open,all-some,typical_of_property-typical_of_concept-variability_open,black-suit,1.0
no,impossible,,,sweet-windfall,0.375
no,affording_activity,all,affording_activity-typical_of_property-implied_category-typical_of_concept,wheels-ambulance,1.0
no,typical_of_concept-variability_limited,all-some,implied_category-typical_of_concept-variability_limited,square-bedroom,0.75
no,afforded_usual,all,implied_category-afforded_usual-typical_of_concept,lay_eggs-albatross,0.875
no,variability_limited,all-some,typical_of_concept-variability_limited,made_of_wood-kayak,1.0
no,variability_open,all-some,typical_of_concept-variability_open,hot-pot,0.75
no,affording_activity-typical_of_property-implied_category-afforded_usual-afforded_unusual-typical_of_concept-variability_limited-variability_open-rare-unusual-creative-impossible,,,_check4-_check4,0.0
no,implied_category-afforded_usual,all,implied_category-afforded_usual-typical_of_concept,lay_eggs-avocet,0.9
no,variability_open,all-some,implied_category-typical_of_concept-variability_limited-variability_open,square-notebook,0.8
no,implied_category,all,implied_category-afforded_usual-typical_of_concept,fly-moorcock,0.8
no,variability_limited,some,variability_limited,black-miner,0.7
no,unusual,few,unusual-impossible,yellow-herring,0.7
no,variability_open,all-some,affording_activity-typical_of_concept-variability_open,hot-kitchen,0.8
no,variability_limited-unusual,few-some,variability_limited-rare-unusual,made_of_wood-aerator,0.7
no,affording_activity-typical_of_property-typical_of_concept,all,affording_activity-typical_of_property-implied_category-typical_of_concept,dangerous-pistol,1.0
no,affording_activity-typical_of_property-typical_of_concept,all-some,affording_activity-typical_of_property-implied_category-typical_of_concept-variability_open,dangerous-weapon,1.0
no,variability_limited,few-some,variability_limited-rare,made_of_wood-truss,0.6666666666666666
no,implied_category-typical_of_concept-variability_limited-creative-impossible,,,fly-lynx,0.3333333333333333
no,rare-unusual,few,rare-unusual,yellow-lavandula,0.5555555555555556
no,affording_activity-typical_of_concept-variability_limited,all-some,affording_activity-typical_of_concept-variability_limited,square-diskette,0.5555555555555556
no,impossible,few,rare-unusual-impossible,black-butter,0.6666666666666666
no,affording_activity,all,affording_activity-implied_category,wheels-dumper,1.0
no,variability_open,all-some,affording_activity-typical_of_concept-variability_open,hot-water,1.0
no,implied_category-afforded_usual-typical_of_concept,all,typical_of_property-implied_category-afforded_usual-typical_of_concept,fly-nightingale,1.0
no,variability_limited,some,variability_limited,made_of_wood-beam,0.6666666666666666
no,affording_activity,all,affording_activity-typical_of_property-implied_category-typical_of_concept,wheels-van,1.0
no,typical_of_concept-variability_limited,all-some,typical_of_concept-variability_limited,black-monkey,0.8333333333333334
no,unusual,few-some,variability_open-rare-unusual,sweet-cabbage,0.8333333333333334
no,variability_open,all-some,affording_activity-typical_of_property-implied_category-typical_of_concept-variability_limited-variability_open,dangerous-gang,1.0
no,impossible,creative-few,creative-impossible,lay_eggs-bull,0.8333333333333334
no,afforded_usual,all,typical_of_property-implied_category-afforded_usual-typical_of_concept,lay_eggs-leatherback,0.8333333333333334
no,rare,few-some,variability_open-rare-unusual,dangerous-file,1.0
no,typical_of_property-implied_category-typical_of_concept,all-some,affording_activity-typical_of_property-implied_category-typical_of_concept-variability_limited,sweet-strawberry,1.0
no,implied_category-variability_open,all-some,affording_activity-implied_category-variability_limited-variability_open,square-keypad,0.8333333333333334
no,typical_of_concept-variability_limited,all-some,implied_category-typical_of_concept-variability_limited-variability_open,yellow-buttercup,0.6666666666666666
no,affording_activity,all-some,affording_activity-typical_of_property-implied_category-typical_of_concept-variability_open,hot-vapor,1.0
no,unusual-creative,,,fly-bark,0.5
no,unusual,few,unusual,wheels-cat,0.8333333333333334
no,afforded_usual,all,implied_category-afforded_usual,lay_eggs-lepomis,0.7777777777777778
no,affording_activity-typical_of_property-implied_category-typical_of_concept,all-some,affording_activity-typical_of_property-implied_category-typical_of_concept-variability_limited-variability_open,made_of_wood-plank,0.8888888888888888
no,rare-unusual,few,rare-unusual,square-mug,1.0
no,impossible,,,yellow-blossom,0.1111111111111111
no,impossible,creative-few,creative-impossible,sweet-iceberg,0.7777777777777778
no,unusual,creative-few,rare-unusual-creative-impossible,black-ketchup,0.7777777777777778
no,impossible,creative-few,creative-impossible,fly-ass,0.8888888888888888
no,unusual,few,rare-unusual,dangerous-hoe,0.7777777777777778
no,typical_of_concept-variability_open,all-some,affording_activity-typical_of_property-implied_category-typical_of_concept-variability_open,hot-coffee,1.0
no,affording_activity-implied_category,all,affording_activity-typical_of_property-implied_category-typical_of_concept,wheels-cabriolet,1.0
no,variability_limited,some,variability_limited,yellow-nectarine,0.8333333333333334
no,variability_limited,some,variability_limited,made_of_wood-rudder,1.0
no,implied_category,,,lay_eggs-basilisk,0.5
no,implied_category-afforded_usual-afforded_unusual-creative,,,fly-skimmer,0.5
no,variability_limited-rare-unusual,few-some,variability_limited-rare-unusual,sweet-pistachio,0.8333333333333334
no,implied_category-typical_of_concept,all,affording_activity-typical_of_property-implied_category-typical_of_concept,dangerous-killer,0.8333333333333334
no,typical_of_concept-variability_limited,all-some,affording_activity-implied_category-typical_of_concept-variability_limited,square-cabinet,0.8333333333333334
no,affording_activity-typical_of_concept,all,affording_activity-implied_category-typical_of_concept,wheels-trailer,1.0
no,typical_of_property-typical_of_concept,all,affording_activity-typical_of_property-implied_category-typical_of_concept,dangerous-venom,1.0
no,typical_of_property-typical_of_concept,all-some,typical_of_property-implied_category-typical_of_concept-variability_limited,yellow-giraffe,0.8888888888888888
no,afforded_usual,all,implied_category-afforded_usual-typical_of_concept,lay_eggs-halibut,0.6666666666666666
no,impossible,few,unusual-impossible,sweet-spike,0.7777777777777778
no,implied_category-afforded_usual-typical_of_concept,all,typical_of_property-implied_category-afforded_usual-typical_of_concept,fly-skylark,1.0
no,rare,few-some,variability_open-rare-unusual,black-parrot,1.0
no,variability_limited,some,variability_limited-variability_open,made_of_wood-shaft,0.7777777777777778
no,variability_limited,all-some,typical_of_concept-variability_limited-variability_open,square-rack,0.8888888888888888
no,unusual,few,rare-unusual,hot-pomade,1.0
no,afforded_usual,all,typical_of_property-implied_category-afforded_usual-typical_of_concept,fly-paridae,1.0
no,implied_category-afforded_usual,all,implied_category-afforded_usual-typical_of_concept,lay_eggs-curlew,1.0
no,unusual,few-some,variability_limited-unusual,made_of_wood-bagpipe,0.75
no,impossible,creative-few,creative-impossible,square-sphere,1.0
no,affording_activity-implied_category-typical_of_concept,all-some,affording_activity-typical_of_property-implied_category-typical_of_concept-variability_limited-variability_open,dangerous-scimitar,1.0
no,affording_activity-typical_of_property-implied_category-afforded_usual-afforded_unusual-typical_of_concept-variability_limited-variability_open-rare-unusual-creative-impossible,,,yellow-honey,0.0
no,affording_activity-typical_of_property-typical_of_concept,all-some,affording_activity-typical_of_property-implied_category-typical_of_concept-variability_limited-variability_open,sweet-chocolate,1.0
no,variability_limited-unusual,few-some,variability_limited-unusual,square-recliner,0.6666666666666666
no,rare-unusual,few,rare-unusual,yellow-colocasia,0.6666666666666666
no,typical_of_property-typical_of_concept,all-some,affording_activity-typical_of_property-implied_category-typical_of_concept-variability_limited-variability_open,made_of_wood-stick,1.0
no,variability_limited-creative-impossible,creative-few-some,variability_limited-creative-impossible,sweet-fennel,0.6666666666666666
no,variability_open-unusual,few-some,variability_open-unusual,dangerous-pusher,0.6666666666666666
no,variability_open,some,variability_open,hot-bathroom,0.6666666666666666
no,affording_activity-typical_of_property-implied_category-typical_of_concept,all,affording_activity-typical_of_property-implied_category-typical_of_concept,wheels-coach,1.0
no,rare-impossible,few,rare-impossible,fly-basset,0.6666666666666666
no,variability_limited,few-some,variability_limited-rare,black-pea,1.0
no,affording_activity-typical_of_property-typical_of_concept,all,affording_activity-typical_of_property-implied_category-typical_of_concept,hot-fireplace,1.0
no,variability_open,some,variability_limited-variability_open,made_of_wood-strake,0.8333333333333334
no,afforded_usual,all,afforded_usual,fly-babbler,0.6666666666666666
no,variability_limited,some,variability_limited-variability_open,sweet-tater,0.8333333333333334
no,implied_category,all,affording_activity-typical_of_property-implied_category-typical_of_concept,dangerous-alligator,1.0
no,variability_open,all-some,implied_category-variability_limited-variability_open,square-kitchen,1.0
no,impossible,few,impossible,fly-wherry,0.6363636363636364
no,typical_of_concept,all-some,typical_of_property-implied_category-typical_of_concept-variability_limited,yellow-corncob,1.0
no,variability_open,some,variability_open,hot-chutney,0.7
no,variability_limited,all-some,implied_category-typical_of_concept-variability_limited-variability_open,made_of_wood-brush,0.9090909090909091
no,impossible,few,impossible,lay_eggs-mouser,0.8
no,variability_open,some,variability_open,black-paint,1.0
no,affording_activity,all-some,affording_activity-implied_category-typical_of_concept-variability_limited,wheels-equipage,0.8
no,unusual,creative-few-some,variability_limited-unusual-creative,sweet-soybean,0.7
no,variability_limited-rare-unusual,few-some,variability_limited-rare-unusual,made_of_wood-kickstand,0.7
no,variability_open,some,variability_open,black-hose,0.8
no,implied_category-afforded_usual-typical_of_concept,all,typical_of_property-implied_category-afforded_usual-typical_of_concept,fly-icteridae,1.0
no,implied_category,all-some,affording_activity-typical_of_property-implied_category-typical_of_concept-variability_limited,dangerous-sword,1.0
no,implied_category,all,affording_activity-implied_category,wheels-snowplow,0.9
no,variability_limited,all-some,typical_of_concept-variability_limited-variability_open,square-parlor,0.8
no,implied_category-afforded_usual,all,implied_category-afforded_usual-afforded_unusual,lay_eggs-bass,0.7
no,unusual,creative-few,unusual-creative,sweet-oyster,0.8
no,variability_limited,all-some,typical_of_concept-variability_limited,black-olive,1.0
no,variability_open,some,variability_open,dangerous-freebooter,0.6
no,unusual,few-some,variability_open-rare-unusual,hot-flowerpot,0.9
no,variability_limited,some,variability_limited,square-sideboard,0.9
no,rare-unusual,few-some,variability_limited-rare-unusual,sweet-grain,0.8
no,impossible,few,unusual-impossible,fly-roebuck,0.9
no,impossible,few,impossible,lay_eggs-redhorse,0.6
no,implied_category,all,implied_category-afforded_usual-typical_of_concept,lay_eggs-charadrius,0.8888888888888888
no,variability_limited,all-some,affording_activity-typical_of_concept-variability_limited,yellow-beer,1.0
no,implied_category-variability_limited,all-some,affording_activity-implied_category-typical_of_concept-variability_limited,sweet-cherry,1.0
no,impossible,creative-few,creative-impossible,fly-deer,1.0
no,variability_open,some,variability_limited-variability_open,square-button,0.8
no,variability_limited,all-some,typical_of_concept-variability_limited,black-cockroach,0.8888888888888888
no,creative,creative-few-some,variability_limited-unusual-creative,wheels-garage,0.7
no,variability_open,few-some,variability_open-rare-unusual,hot-soot,0.9
no,creative,creative,creative,wheels-driver,1.0
no,affording_activity-implied_category-typical_of_concept-variability_limited,all-some,affording_activity-typical_of_property-implied_category-typical_of_concept-variability_limited,made_of_wood-oak,1.0
no,unusual,creative-few,unusual-creative,sweet-chicken,1.0
no,impossible,creative-few,creative-impossible,fly-rudd,1.0
no,typical_of_property-implied_category-afforded_usual-typical_of_concept,all,typical_of_property-implied_category-afforded_usual-typical_of_concept,lay_eggs-chicken,1.0
no,rare-unusual,few-some,variability_limited-rare-unusual,square-tape,1.0
no,variability_open-rare-unusual,few-some,variability_open-rare-unusual,hot-vinaigrette,1.0
no,variability_open,few-some,variability_limited-variability_open-rare-unusual,black-paridae,1.0
no,variability_limited,all-some,typical_of_property-typical_of_concept-variability_limited,yellow-pineapple,0.75
no,afforded_usual,all,afforded_usual,lay_eggs-stockfish,0.625
no,impossible,few,impossible,fly-hog,0.625
no,variability_open,some,variability_open,square-workspace,0.75
no,variability_open,all-some,typical_of_concept-variability_open,black-insect,0.875
no,affording_activity-implied_category,all-some,affording_activity-typical_of_property-implied_category-typical_of_concept-variability_open,wheels-car,1.0
no,variability_limited,all-some,typical_of_property-typical_of_concept-variability_limited-variability_open,made_of_wood-broom,1.0
no,typical_of_concept-variability_limited,all-some,implied_category-typical_of_concept-variability_limited,sweet-apple,1.0
no,variability_limited,some,variability_limited-variability_open,square-foyer,0.8
no,rare-unusual-creative,creative-few,rare-unusual-creative,sweet-vinaigrette,0.7
no,unusual,creative-few,rare-unusual-creative,hot-vinyl,0.8
no,creative-impossible,creative-few,unusual-creative-impossible,fly-emu,0.7
no,variability_open,all-some,affording_activity-typical_of_property-implied_category-typical_of_concept-variability_open,dangerous-snake,1.0
no,affording_activity-implied_category,all,affording_activity-typical_of_property-implied_category-typical_of_concept,wheels-unicycle,1.0
no,implied_category,all,implied_category-afforded_usual,lay_eggs-motacilla,0.9
no,rare-unusual,few,rare-unusual,black-bottle,0.7
no,rare-unusual,creative-few,rare-unusual-creative,made_of_wood-gun,0.9
no,variability_limited,some,variability_limited,sweet-beet,0.75
no,rare-unusual,few,rare-unusual,black-raspberry,0.75
no,implied_category,,,lay_eggs-hobby,0.5
no,unusual,,,yellow-insect,0.5
no,unusual,few,unusual,dangerous-buffer,0.75
no,unusual,,,wheels-tank,0.5
no,afforded_usual-typical_of_concept,all,afforded_usual-typical_of_concept,fly-arrow,0.75
no,implied_category-typical_of_concept,all,typical_of_property-implied_category-typical_of_concept,hot-geyser,1.0
no,variability_open,some,variability_limited-variability_open,hot-sandwich,0.8
no,variability_limited,all-some,typical_of_concept-variability_limited,black-grape,0.8
no,variability_limited-variability_open,some,variability_limited-variability_open,made_of_wood-plough,0.6
no,typical_of_property-afforded_usual-typical_of_concept,all,typical_of_property-implied_category-afforded_usual-typical_of_concept,fly-wing,1.0
no,implied_category-variability_limited,all-some,implied_category-variability_limited,square-laptop,0.6
no,affording_activity-implied_category,all-some,affording_activity-implied_category-typical_of_concept-variability_limited,sweet-bacca,0.8
no,typical_of_property-typical_of_concept-variability_limited-variability_open,all-some,typical_of_property-typical_of_concept-variability_limited-variability_open,dangerous-hack,0.6
no,unusual,few,rare-unusual,yellow-milk,1.0
no,rare,few-some,variability_limited-rare-unusual,made_of_wood-fuselage,0.9
no,rare,few,rare-unusual,yellow-pigweed,0.9
no,unusual,creative-few-some,variability_limited-rare-unusual-creative,sweet-chickpea,0.9
no,impossible,,,lay_eggs-bay,0.5
no,implied_category,all,implied_category-typical_of_concept,dangerous-pentobarbital,0.7
no,implied_category-typical_of_concept-variability_open,all-some,affording_activity-typical_of_property-implied_category-typical_of_concept-variability_open,hot-tea,1.0
no,unusual,few,rare-unusual,black-gherkin,0.8
no,impossible,few,impossible,fly-shell,0.7
no,typical_of_concept,all-some,affording_activity-typical_of_property-typical_of_concept-variability_limited-variability_open,black-blackboard,0.8333333333333334
no,unusual,creative-few-some,variability_limited-variability_open-rare-unusual-creative,hot-fruitcake,1.0
no,rare-unusual-creative,creative-few,rare-unusual-creative,made_of_wood-rail,0.6666666666666666
no,affording_activity,all-some,affording_activity-typical_of_property-implied_category-typical_of_concept-variability_open,dangerous-sniper,1.0
no,rare,creative-few-some,variability_limited-rare-unusual-creative,sweet-asparagus,0.8
no,variability_limited,some,variability_limited-variability_open,square-sunroom,1.0
no,afforded_usual,all,implied_category-afforded_usual-afforded_unusual,lay_eggs-plaice,0.8
no,variability_limited,some,variability_limited,made_of_wood-axe,0.875
no,rare-impossible,few,rare-impossible,black-mentzelia,0.625
no,implied_category,all,implied_category-afforded_usual-typical_of_concept,fly-phalacrocorax,1.0
no,typical_of_concept,all-some,affording_activity-typical_of_property-implied_category-typical_of_concept-variability_limited-variability_open,dangerous-reduviidae,1.0
no,impossible,few,unusual-impossible,square-cds,0.75
no,affording_activity-implied_category-typical_of_concept-variability_limited,all-some,affording_activity-implied_category-typical_of_concept-variability_limited-variability_open,sweet-sultana,0.875
no,affording_activity-typical_of_concept,all,affording_activity-implied_category-typical_of_concept,hot-kerosene,0.875
no,variability_limited,some,variability_limited-variability_open,black-forepaw,0.75
no,creative,creative-few,rare-unusual-creative-impossible,hot-fridge,0.875
no,variability_limited-variability_open,some,variability_limited-variability_open,made_of_wood-modillion,0.75
no,afforded_usual,all,implied_category-afforded_usual,lay_eggs-whitethroat,1.0
no,variability_limited,few-some,variability_limited-rare,fly-capsule,0.625
no,rare,few-some,variability_limited-rare-unusual,sweet-flageolet,0.875
no,unusual,few-some,variability_limited-rare-unusual,wheels-diner,0.875
no,variability_limited,all-some,affording_activity-variability_limited-variability_open,square-stairwell,0.7777777777777778
no,impossible,creative-few,creative-impossible,lay_eggs-leopard,1.0
no,impossible,few,impossible,wheels-packhorse,0.7777777777777778
no,creative,,,yellow-leopard,0.2222222222222222
no,affording_activity-typical_of_property-typical_of_concept,all-some,affording_activity-typical_of_property-implied_category-typical_of_concept-variability_limited,sweet-honey,1.0
no,variability_limited,few-some,variability_limited-rare,black-sheep,0.7777777777777778
no,impossible,creative-few,creative-impossible,fly-ferry,0.8888888888888888
no,variability_limited,some,variability_limited,made_of_wood-window,0.7777777777777778
no,variability_open,some,variability_open,hot-outfit,0.5555555555555556
no,unusual,creative-few,rare-unusual-creative,sweet-broccoli,0.8888888888888888
no,affording_activity-variability_open,all-few-some,affording_activity-typical_of_property-typical_of_concept-variability_open-unusual,hot-charcoal,1.0
no,creative-impossible,creative-few,creative-impossible,fly-pussy,0.7777777777777778
no,creative-impossible,creative-few,creative-impossible,lay_eggs-layer,0.5555555555555556
no,variability_open,few-some,variability_open-unusual,square-marble,0.6666666666666666
no,variability_limited,some,variability_limited,black-sky,0.8888888888888888
no,affording_activity-implied_category-typical_of_concept,all,affording_activity-implied_category-typical_of_concept,wheels-dray,0.7777777777777778
no,variability_open,some,variability_open,hot-seasoning,0.875
no,rare,few-some,variability_limited-rare-unusual,made_of_wood-washtub,0.875
no,unusual,few-some,variability_limited-rare-unusual,dangerous-naproxen,0.875
no,unusual,few,unusual,wheels-toboggan,0.75
no,afforded_usual-typical_of_concept,all,typical_of_property-afforded_usual-typical_of_concept,fly-flycatcher,0.75
no,variability_limited,all-some,typical_of_concept-variability_limited,black-mussel,1.0
no,impossible,creative-few,creative-impossible,lay_eggs-humankind,1.0
no,unusual,few-some,variability_limited-rare-unusual,sweet-coffee,0.75
no,impossible,few,impossible,lay_eggs-hare,0.8
no,unusual,few,unusual,yellow-kingfisher,0.6
no,unusual-creative,creative-few,unusual-creative,sweet-lentil,0.8
no,rare-unusual,creative-few,rare-unusual-creative,black-ladybird,0.8
no,affording_activity,all,affording_activity-implied_category,wheels-pedicab,1.0
no,implied_category-afforded_usual,all,implied_category-afforded_usual-afforded_unusual,fly-duck,0.8
no,impossible,few,impossible,dangerous-bill,0.6
no,affording_activity-typical_of_concept-variability_open,all-some,affording_activity-implied_category-typical_of_concept-variability_open,hot-kettle,1.0
no,unusual-creative,creative-few,unusual-creative,sweet-ginger,0.625
no,variability_limited,all-some,typical_of_concept-variability_limited,black-skunk,0.875
no,typical_of_concept,all-some,typical_of_property-typical_of_concept-variability_limited-variability_open,dangerous-attack,0.875
no,implied_category,all,implied_category-afforded_usual-typical_of_concept,fly-pelican,0.875
no,rare-unusual,few,rare-unusual,hot-garlic,0.625
no,variability_limited,all-some,affording_activity-variability_limited-variability_open,square-drawer,0.875
no,impossible,few,impossible,lay_eggs-blackbuck,0.625
no,variability_open,all-some,affording_activity-variability_limited-variability_open,wheels-luggage,1.0
no,variability_limited,some,variability_limited,square-footrest,0.625
no,variability_open,some,variability_limited-variability_open,sweet-puree,0.75
no,affording_activity,all-some,affording_activity-typical_of_property-variability_limited-variability_open,made_of_wood-headstock,0.875
no,unusual,few,rare-unusual,wheels-trap,0.75
no,variability_open,some,variability_open,black-car,1.0
no,creative-impossible,creative-few,creative-impossible,fly-monkey,0.75
no,affording_activity,all-some,affording_activity-typical_of_concept-variability_limited-variability_open,hot-pasta,1.0
no,implied_category-typical_of_concept,all,implied_category-afforded_usual-typical_of_concept,fly-chinook,0.75
no,affording_activity-typical_of_property-typical_of_concept,all-some,affording_activity-typical_of_property-implied_category-typical_of_concept-variability_open,hot-grill,1.0
no,afforded_usual,all-some,typical_of_property-implied_category-afforded_usual-typical_of_concept-variability_limited,lay_eggs-calidris,0.875
no,typical_of_concept,all-some,affording_activity-typical_of_property-implied_category-typical_of_concept-variability_limited,made_of_wood-lath,1.0
no,unusual,few,rare-unusual,yellow-actinidia,0.875
no,variability_limited-variability_open,some,variability_limited-variability_open,sweet-vegetable,0.625
no,variability_limited,few-some,variability_limited-variability_open-rare,black-lizard,0.75
no,implied_category-typical_of_concept,all-some,typical_of_property-implied_category-typical_of_concept-variability_limited-variability_open,dangerous-looter,0.875
no,unusual-creative,,,fly-wheeler,0.42857142857142855
no,typical_of_concept,all-some,affording_activity-typical_of_property-implied_category-typical_of_concept-variability_limited,sweet-jam,1.0
no,variability_limited-impossible,few-some,variability_limited-impossible,wheels-snowmobile,0.5714285714285714
no,variability_limited,some,variability_limited,dangerous-doodlebug,0.5714285714285714
no,variability_limited,few-some,variability_limited-rare-unusual,black-pelican,0.8571428571428571
no,affording_activity-typical_of_property-implied_category-afforded_usual-afforded_unusual-typical_of_concept-variability_limited-variability_open-rare-unusual-creative-impossible,,,yellow-flame,0.0
no,implied_category-afforded_unusual-typical_of_concept-variability_limited-rare-unusual-impossible,,,lay_eggs-whiteface,0.2857142857142857
no,variability_limited,some,variability_limited-variability_open,made_of_wood-rod,1.0
no,variability_open,all-some,typical_of_concept-variability_open,square-fireplace,0.8333333333333334
no,typical_of_concept-variability_limited,all-some,typical_of_concept-variability_limited,sweet-taro,0.8333333333333334
no,impossible,few,impossible,lay_eggs-muskrat,0.6666666666666666
no,affording_activity-implied_category,all,affording_activity-implied_category-typical_of_concept,wheels-taxicab,1.0
no,variability_open-rare,few-some,variability_open-rare,black-ring,1.0
no,implied_category-typical_of_concept,all-some,affording_activity-implied_category-typical_of_concept-variability_limited,made_of_wood-gunwale,0.8333333333333334
no,implied_category-typical_of_concept-variability_open,all-some,implied_category-typical_of_concept-variability_open,dangerous-conspirator,0.8333333333333334
no,affording_activity,all-some,affording_activity-implied_category-typical_of_concept-variability_open,wheels-motorbus,1.0
no,rare,few,rare-unusual,yellow-tomato,0.875
no,afforded_usual,all,implied_category-afforded_usual-typical_of_concept,fly-robin,1.0
no,affording_activity-implied_category,all-some,affording_activity-typical_of_property-implied_category-typical_of_concept-variability_open,hot-wok,1.0
no,variability_limited-variability_open,some,variability_limited-variability_open,black-dog,0.75
no,implied_category,all-some,affording_activity-implied_category-typical_of_concept-variability_limited,sweet-plum,0.875
no,creative-impossible,creative-few,creative-impossible,lay_eggs-howler,0.625
no,variability_open,some,variability_open,square-dining,0.625
no,rare-unusual,few,rare-unusual,dangerous-unction,0.625
no,affording_activity,all,affording_activity-implied_category,wheels-railcar,0.875
no,rare,few,rare-unusual,dangerous-plane,1.0
no,rare,few,rare-unusual,dangerous-opener,1.0
no,affording_activity,all,affording_activity,wheels-rig,0.625
no,rare-unusual,few-some,variability_limited-rare-unusual,wheels-stage,0.75
no,unusual,few,rare-unusual,dangerous-bar,1.0
no,affording_activity-implied_category-variability_open,all-some,affording_activity-implied_category-variability_open,wheels-carrier,0.6666666666666666
no,typical_of_concept,all-some,typical_of_property-typical_of_concept-variability_limited,made_of_wood-ladder,1.0
no,affording_activity,all-some,affording_activity-typical_of_property-implied_category-typical_of_concept-variability_open,hot-barbecue,1.0
no,impossible,few,impossible,lay_eggs-pointer,0.6666666666666666
no,impossible,few,impossible,fly-haddock,0.8333333333333334
no,unusual,,,sweet-shiitake,0.5
no,implied_category,all,typical_of_property-implied_category-typical_of_concept,dangerous-raper,0.8333333333333334
no,variability_limited,all-some,affording_activity-typical_of_property-implied_category-typical_of_concept-variability_limited,made_of_wood-guitar,1.0
no,impossible,few,impossible,lay_eggs-hack,0.875
no,implied_category-afforded_usual,all,implied_category-afforded_usual-typical_of_concept,fly-towhee,0.75
no,implied_category,all,affording_activity-typical_of_property-implied_category-typical_of_concept,dangerous-torpedo,1.0
no,rare-unusual-creative,creative-few,rare-unusual-creative,sweet-crab,0.625
no,creative,creative-few,creative-impossible,hot-sundae,0.875
no,implied_category,all,implied_category,wheels-saloon,0.625
no,variability_limited,,,square-pew,0.5
no,impossible,few,impossible,lay_eggs-drill,0.8
no,affording_activity-implied_category-typical_of_concept,all,affording_activity-implied_category-typical_of_concept,wheels-flatcar,0.8
no,typical_of_concept-variability_limited-unusual,all-creative-few-some,typical_of_concept-variability_limited-rare-unusual-creative,black-zebra,0.8
no,variability_limited,some,variability_limited,sweet-muscat,0.6
no,unusual,few,unusual,yellow-plumeria,0.6
no,unusual,creative-few-some,variability_open-rare-unusual-creative,hot-yogurt,0.8
no,rare-unusual,few-some,variability_limited-rare-unusual,dangerous-colchicine,0.8
no,rare,few,rare,made_of_wood-carabiner,0.6
no,variability_limited-variability_open-unusual,few-some,variability_limited-variability_open-rare-unusual,made_of_wood-button,0.8333333333333334
no,affording_activity-typical_of_property-implied_category-typical_of_concept,all,affording_activity-typical_of_property-implied_category-typical_of_concept,wheels-cab,1.0
no,rare-unusual,creative-few,rare-unusual-creative,dangerous-arm,1.0
no,affording_activity-typical_of_property-implied_category-typical_of_concept,all-some,affording_activity-typical_of_property-implied_category-typical_of_concept-variability_limited,sweet-candy,1.0
no,typical_of_concept,all-some,affording_activity-typical_of_property-implied_category-typical_of_concept-variability_open,hot-roast,1.0
no,rare-unusual,few-some,variability_limited-rare-unusual,black-frogmouth,0.8333333333333334
no,implied_category-afforded_usual,all,implied_category-afforded_usual-typical_of_concept,lay_eggs-typhlopidae,1.0
no,implied_category,all,typical_of_property-implied_category-afforded_usual-typical_of_concept,lay_eggs-paridae,1.0
no,rare-unusual-creative,,,yellow-plantain,0.2222222222222222
no,impossible,few,impossible,fly-cob,0.5555555555555556
no,affording_activity-variability_limited,all-some,affording_activity-implied_category-typical_of_concept-variability_limited-variability_open,hot-atole,0.6666666666666666
no,variability_limited-variability_open,few-some,variability_limited-variability_open-rare,square-page,0.6666666666666666
no,typical_of_concept,all-some,affording_activity-typical_of_property-implied_category-typical_of_concept-variability_limited,dangerous-firearm,0.8888888888888888
no,creative,creative,creative,sweet-lobster,0.5555555555555556
no,variability_limited-unusual,few-some,variability_limited-unusual,black-thornbill,0.5555555555555556
no,affording_activity-variability_limited,all-some,affording_activity-variability_limited,sweet-hazelnut,0.6666666666666666
no,unusual,few,rare-unusual,hot-candy,0.8333333333333334
no,affording_activity-typical_of_concept,all-some,affording_activity-typical_of_property-typical_of_concept-variability_limited,made_of_wood-timber,0.8333333333333334
no,affording_activity-implied_category,all,affording_activity-implied_category-typical_of_concept,wheels-carriage,1.0
no,impossible,few,impossible,lay_eggs-eland,0.8333333333333334
no,rare-unusual,,,yellow-vanilla,0.5
no,variability_limited,some,variability_limited,black-pipefish,0.8333333333333334
no,afforded_usual,all,typical_of_property-implied_category-afforded_usual-typical_of_concept,fly-nuthatch,1.0
no,variability_open,all-some,affording_activity-typical_of_concept-variability_open,hot-toast,0.8888888888888888
no,variability_limited,some,variability_limited,square-balcony,0.8888888888888888
no,typical_of_concept,all-some,typical_of_property-typical_of_concept-variability_open,yellow-taxi,0.7777777777777778
no,variability_limited,all-some,typical_of_concept-variability_limited,black-penguin,1.0
no,afforded_usual-typical_of_concept,all,typical_of_property-implied_category-afforded_usual-typical_of_concept,fly-goldcrest,1.0
no,variability_limited,all-some,affording_activity-typical_of_concept-variability_limited,sweet-orange,0.8888888888888888
no,variability_limited,all-some,typical_of_concept-variability_limited,made_of_wood-spear,0.8888888888888888
no,unusual-impossible,few,unusual-impossible,wheels-gondola,0.6666666666666666
no,typical_of_property-typical_of_concept,all,affording_activity-typical_of_property-implied_category-typical_of_concept,dangerous-gun,1.0
no,variability_limited,some,variability_limited,square-lavatory,0.8571428571428571
no,variability_limited,few-some,variability_limited-rare-unusual,sweet-spud,0.8571428571428571
no,implied_category,all,implied_category-afforded_usual,lay_eggs-pleuronectidae,0.6666666666666666
no,variability_open,creative-few-some,variability_open-rare-unusual-creative,black-nightmare,0.7142857142857143
no,variability_open,some,variability_open,yellow-sandpaper,0.5714285714285714
no,unusual,few,rare-unusual,hot-cooler,0.8571428571428571
no,impossible,few,impossible,made_of_wood-date,1.0
no,implied_category-variability_limited,all-some,implied_category-variability_limited,fly-fowl,0.5714285714285714
