"label"	"categories_str"	"sources_str"	"certainty"	"cosine_centroid"	"manual_coarse_grained"	"space_selection"	"qumcrae_label"	"word"	"lemma"	"wiki_frequency"	"word_in_wn?"	"word_noun_in_wn?"	"word_noun_spacy?"	"n_navigli_clusters"	"n_onto_senses_n_v"	"n_wn_senses"	"min_wn_sim_wup"	"av_sim_wup"	"polysemy_type"	"mipvu"	"wn_abs_conc"	"filter"	"conc"	"fam"	"aoa"
"neg"	"is_black"	"veale_simile"	"not_certain"	0.101417697	3	"False"	-0	"crypt"	"crypt"	7106	"True"	"True"	"True"	0	0	1	0.8181818182	0.8181818182	"mon"		"conc"	"False"	573	320	539
"neg"	"blue"	"conceptnet"	"not_certain"	0.113797325	3	"False"	-0	"world"	"world"	1622378	"True"	"True"	"True"	4	8	9	0.1	0.2988622894	"poly"	"met non-met"	"abs-conc-n"	"False"	532	607	
"neg"	"is_black"	"cslb"	"not_certain"	0.1196791047	3	"False"	-0	"recorder"	"recorder"	11384	"True"	"True"	"True"	3	0	4	0.3636363636	0.5185383309	"poly"	"non-met"	"conc"	"False"			
"neg"	"is_black"	"cslb"	"not_certain"	0.1246974226	2	"True"	-0	"football"	"football"	719207	"True"	"True"	"True"	1	0	2	0.1	0.1	"poly"	"non-met"	"abs-conc"	"True"	584	565	233
"neg"	"is_black"	"cslb"	"not_certain"	0.1301107225	2	"True"	-0	"newspaper"	"newspaper"	157687	"True"	"True"	"True"	1	5	4	0.1	0.2484749455	"poly"	"non-met"	"abs-conc"	"True"	576	641	292
"neg"	"is_blue"	"mcrae"	"not_certain"	0.1368202334	3	"True"	"neg-is_blue-all"	"bluejay"	"bluejay"	102	"False"	"False"	"True"	0	0	0	"None"				-0	"False"			
"neg"	"is_black"	"cslb"	"not_certain"	0.1372794717	-0	"True"	-0	"tyre"	"tyre"	7024	"True"	"True"	"True"	1	0	2	0.3529411765	0.3529411765	"poly"	"non-met"	"conc-n"	"True"			
"neg"	"blue"	"conceptnet"	"not_certain"	0.1440131638	-0	"True"	-0	"ring"	"ring"	116797	"True"	"True"	"True"	9	16	15	0.125	0.2695056001	"homonyms_also_same_pos"	"met non-met"	"abs-conc"	"True"	593	589	208
"neg"	"is_black"	"cslb"	"not_certain"	0.147912673	-0	"True"	-0	"suit"	"suit"	53572	"True"	"True"	"True"	6	11	10	0.1111111111	0.2847771272	"homonyms_only_different_pos"	"met non-met"	"abs-conc"	"True"	545	543	
"neg"	"is_red"	"veale_simile"	"not_certain"	0.153137723	-0	"True"	-0	"indian"	"indian"	332847	"True"	"True"	"False"	0	0	5	0.1538461538	0.3173639226		"non-met"	"abs-conc"	"False"	622	546	
"neg"	"blue"	"conceptnet"	"not_certain"	0.1550212029	-0	"True"	-0	"shy"	"shy"	10056	"True"	"True"	"False"	4	4	6	0.2222222222	0.2222222222	"homonyms_also_same_pos"	"non-met"	"abs"	"False"			
"neg"	"is_black"	"veale_simile"	"not_certain"	0.1569638224	-0	"True"	-0	"rook"	"rook"	2930	"True"	"True"	"False"	2	0	3	0.32	0.32	"homonyms_also_same_pos"		"conc"	"False"			
"neg"	"black"	"conceptnet"	"not_certain"	0.1693820131	-0	"True"	-0	"humans"	"human"	86390	"True"	"True"	"True"	1	0	4	"None"		"homonyms_only_different_pos"	"non-met"	"conc"	"True"			
"neg"	"is_blue"	"veale_simile"	"not_certain"	0.1704743606	-0	"True"	-0	"jay"	"jay"	46167	"True"	"True"	"False"	1	0	2	0.48	0.48	"mon"		"conc-n"	"False"			
"neg"	"is_black black"	"conceptnet veale_simile"	"not_certain"	0.1710652283	-0	"True"	-0	"night"	"night"	326741	"True"	"True"	"True"	2	7	8	0.2222222222	0.4300797359	"poly"	"non-met"	"abs-n"	"True"	496	636	222
"neg"	"is_black"	"veale_simile"	"not_certain"	0.1712545091	-0	"True"	-0	"pit"	"pit"	36018	"True"	"True"	"True"	7	4	14	0.1111111111	0.4085711871	"homonyms_also_same_pos"	"non-met"	"abs-conc"	"True"	593	493	314
"neg"	"is_green"	"cslb"	"not_certain"	0.1728470828	-0	"True"	-0	"parka"	"parka"	1051	"True"	"True"	"True"	0	0	1	1	1	"poly"		"conc"	"True"			
"neg"	"black"	"conceptnet"	"not_certain"	0.1772466975	-0	"True"	-0	"tires"	"tire"	10107	"True"	"True"	"True"	2	4	5	0.1538461538	0.2235366485	"homonyms_only_different_pos"		"conc"	"True"			
"neg"	"is_black"	"mcrae"	"not_certain"	0.1790041646	-0	"True"	"neg-is_black-some"	"cannon"	"cannon"	29118	"True"	"True"	"True"	3	0	8	0.0909090909	0.3188091524	"homonyms_only_different_pos"		"abs-conc"	"True"	604	498	
"neg"	"black"	"conceptnet"	"not_certain"	0.1791686964	-0	"True"	-0	"tar"	"tar"	9890	"True"	"True"	"True"	2	0	3	0.2105263158	0.2105263158	"homonyms_only_different_pos"	"non-met"	"abs-conc"	"True"	597	491	
"neg"	"is_green"	"cslb"	"not_certain"	0.1806651786	-0	"True"	-0	"cricket"	"cricket"	121039	"True"	"True"	"True"	2	0	3	0.0869565217	0.0869565217	"homonyms_also_same_pos"	"non-met"	"abs-conc"	"True"			
"neg"	"is_green"	"cslb"	"not_certain"	0.1812472605	-0	"True"	-0	"tank"	"tank"	77579	"True"	"True"	"True"	6	9	8	0.1176470588	0.3673233715	"poly"	"non-met"	"abs-conc"	"True"	581	511	
"neg"	"is_black"	"cslb"	"not_certain"	0.1817535542	-0	"True"	-0	"clarinet"	"clarinet"	9397	"True"	"True"	"True"	0	0	1	1	1	"mon"		"conc"	"True"	633	464	
"neg"	"red"	"conceptnet"	"not_certain"	0.1824875625	-0	"True"	-0	"bloodstone"	"bloodstone"	523	"True"	"True"	"True"	0	0	1	1	1			"abs"	"True"			
"neg"	"is_red"	"cslb"	"not_certain"	0.1825011569	-0	"True"	-0	"robin"	"robin"	49512	"True"	"True"	"True"	1	0	2	0.9285714286	0.9285714286	"poly"	"non-met"	"conc"	"True"	637	487	233
"neg"	"is_red"	"mcrae"	"not_certain"	0.1842655571	-0	"True"	"neg-is_red-some"	"ambulance"	"ambulance"	15418	"True"	"True"	"True"	0	0	1	1	1	"mon"	"non-met"	"conc"	"True"	595	499	
"neg"	"green"	"conceptnet"	"not_certain"	0.1872959649	-0	"True"	-0	"leafs"	"leafs"	8730	"True"	"True"	"True"	0	0	6	0.25	0.2857142857			"abs-conc"	"True"			
"neg"	"is_yellow is_red"	"cslb cslb_crowd_neg"	"certain"	0.1879026502	-0	"True"	-0	"heart"	"heart"	185139	"True"	"True"	"True"	3	12	10	0.1176470588	0.24629587	"poly"	"met non-met"	"abs-conc"	"True"	605	578	281
"neg"	"is_black"	"cslb"	"not_certain"	0.1948667488	-0	"True"	-0	"cloak"	"cloak"	4920	"True"	"True"	"True"	1	6	5	0.25	0.3818277311	"homonyms_only_different_pos"	"non-met"	"conc"	"True"	543	423	
"neg"	"red"	"conceptnet"	"not_certain"	0.1952621975	-0	"True"	-0	"jeeps"	"jeep"	1452	"True"	"True"	"True"	0	0	1	1	1	"mon"		"conc"	"True"			
"pos"	"is_yellow is_red"	"cslb mcrae"	"not_certain"	0.2018847342	-0	"True"	"pos-is_yellow-some"	"bus"	"bus"	129573	"True"	"True"	"True"	4	4	7	0.1052631579	0.333516873	"homonyms_only_different_pos"	"non-met"	"abs-conc"	"True"			
"neg"	"is_black"	"veale_simile"	"not_certain"	0.2034652938	-0	"True"	-0	"blackboard"	"blackboard"	1243	"True"	"True"	"True"	0	0	1	1	1	"mon"		"conc"	"True"			
"neg"	"is_black"	"veale_simile"	"not_certain"	0.2037559899	-0	"True"	-0	"nightmare"	"nightmare"	9318	"True"	"True"	"True"	2	0	2	0.2222222222	0.2222222222	"poly"	"met non-met"	"abs"	"True"			
"neg"	"red green"	"conceptnet"	"not_certain"	0.2064621414	-0	"True"	-0	"car"	"car"	294557	"True"	"True"	"True"	1	4	5	0.4761904762	0.6434791524	"poly"	"non-met"	"conc"	"True"	622	634	197
"neg"	"is_red"	"cslb veale_simile"	"not_certain"	0.2064624126	-0	"True"	-0	"fox"	"fox"	107080	"True"	"True"	"True"	3	3	10	0.0909090909	0.330621991	"homonyms_only_different_pos"		"abs-conc-n"	"True"	605	501	283
"neg"	"is_black"	"cslb"	"not_certain"	0.2066114131	-0	"True"	-0	"piano"	"piano"	93430	"True"	"True"	"True"	1	0	4	0.1176470588	0.1176470588	"homonyms_only_different_pos"	"non-met"	"abs-conc"	"True"	615	545	253
"neg"	"red"	"conceptnet"	"not_certain"	0.2082043816	-0	"True"	-0	"cars"	"car"	145951	"True"	"True"	"True"	1	4	5	0.4761904762	0.6434791524	"poly"	"non-met"	"conc"	"True"			
"neg"	"black"	"conceptnet"	"not_certain"	0.2095134788	-0	"True"	-0	"jaguars"	"jaguar"	7180	"True"	"True"	"True"	0	0	1	1	1	"mon"		"conc"	"True"			
"neg"	"is_black is_blue"	"cslb"	"not_certain"	0.2096688379	-0	"True"	-0	"jeans"	"jean"	6584	"True"	"True"	"True"	1	0	2	0.5882352941	0.5882352941		"non-met"	"conc"	"True"			
"neg"	"is_black"	"veale_simile"	"not_certain"	0.2102246936	-0	"True"	-0	"cinder"	"cinder"	2161	"True"	"True"	"False"	0	0	1	1	1	"poly"		"conc"	"False"	579	382	
"neg"	"is_red"	"cslb"	"not_certain"	0.2105875284	-0	"True"	-0	"tongue"	"tongue"	22392	"True"	"True"	"True"	5	0	10	0.1052631579	0.2273338949	"poly"	"non-met"	"abs-conc"	"True"	634	531	
"neg"	"is_black"	"mcrae"	"not_certain"	0.216725449	-0	"True"	"neg-is_black-some"	"bra"	"bra"	3176	"True"	"True"	"True"	0	0	1	1	1	"mon"	"non-met"	"conc"	"True"	629	575	
"neg"	"is_black"	"cslb"	"not_certain"	0.2171345988	-0	"True"	-0	"calf"	"calf"	5828	"True"	"True"	"True"	2	0	4	0.2	0.3166666667	"homonyms_also_same_pos"		"abs-conc"	"True"	592	511	
"neg"	"is_black"	"veale_simile"	"not_certain"	0.217280724	-0	"True"	-0	"coal"	"coal"	87631	"True"	"True"	"True"	2	3	5	0.1818181818	0.2544191919	"homonyms_only_different_pos"		"conc"	"True"	584	513	278
"neg"	"is_blue"	"veale_simile"	"not_certain"	0.2196949378	-0	"True"	-0	"lagoon"	"lagoon"	12591	"True"	"True"	"True"	0	0	1	1	1	"mon"		"conc"	"True"			
"neg"	"is_green is_blue"	"cslb"	"not_certain"	0.2200469287	-0	"True"	-0	"eye"	"eye"	95221	"True"	"True"	"True"	3	5	6	0.1176470588	0.2130882353	"homonyms_only_different_pos"	"met non-met"	"abs-conc"	"True"	634	611	167
"neg"	"is_black"	"cslb"	"not_certain"	0.221876071	-0	"True"	-0	"wand"	"wand"	2909	"True"	"True"	"True"	1	0	4	0.1111111111	0.3416666667	"mon"		"abs-conc"	"True"	570	381	272
"neg"	"is_green"	"cslb"	"not_certain"	0.2237690457	-0	"True"	-0	"moss"	"moss"	19891	"True"	"True"	"True"	0	0	1	1	1	"poly"		"conc"	"True"	575	436	
"neg"	"is_black"	"veale_simile"	"not_certain"	0.2260222237	-0	"True"	-0	"miner"	"miner"	7798	"True"	"True"	"True"	0	0	1	1	1	"poly"		"conc"	"True"	551	521	
"neg"	"is_green"	"cslb"	"not_certain"	0.2264067502	-0	"True"	-0	"jeep"	"jeep"	5546	"True"	"True"	"True"	0	0	1	1	1	"mon"		"conc"	"True"	622	564	
"neg"	"is_black"	"cslb"	"not_certain"	0.2287349376	-0	"True"	-0	"wetsuit"	"wetsuit"	331	"False"	"False"	"True"	0	0	0	"None"				-0	"False"			
"neg"	"blue"	"conceptnet"	"not_certain"	0.2292724997	-0	"True"	-0	"dress"	"dress"	39768	"True"	"True"	"True"	6	12	21	0.1666666667	0.2528561796	"homonyms_only_different_pos"	"non-met"	"conc"	"True"	595	588	222
"neg"	"is_black"	"cslb"	"not_certain"	0.2293889898	-0	"True"	-0	"gown"	"gown"	4847	"True"	"True"	"True"	1	0	6	0.1176470588	0.5196543163	"poly"	"non-met"	"abs-conc"	"True"	586	515	
"pos"	"is_yellow"	"cslb"	"not_certain"	0.2309256661	-0	"True"	-0	"pyramid"	"pyramid"	17132	"True"	"True"	"True"	2	0	7	0.125	0.1925645342	"poly"	"met"	"abs-n"	"True"	615	386	397
"neg"	"is_green"	"cslb"	"not_certain"	0.2310479438	-0	"True"	-0	"hose"	"hose"	4659	"True"	"True"	"True"	2	0	4	0.5263157895	0.6175438596	"homonyms_also_same_pos"		"conc"	"True"	596	449	314
"neg"	"is_black"	"cslb"	"not_certain"	0.2310746553	-0	"True"	-0	"limousine"	"limousine"	2816	"True"	"True"	"True"	0	0	1	1	1	"mon"		"conc"	"True"	624	505	
"neg"	"is_black"	"cslb veale_simile"	"not_certain"	0.2338951318	-0	"True"	-0	"panther"	"panther"	10500	"True"	"True"	"True"	1	0	3	0.8125	0.8514784946	"poly"		"conc"	"True"			
"neg"	"is_black"	"cslb"	"not_certain"	0.2341162279	-0	"True"	-0	"starling"	"starling"	2647	"True"	"True"	"True"	0	0	1	1	1	"mon"		"conc"	"True"			
"neg"	"red"	"conceptnet"	"not_certain"	0.2348528219	-0	"True"	-0	"clothing"	"clothing"	47373	"True"	"True"	"True"	0	0	4	0.2	0.2166666667	"mon"	"non-met"	"conc"	"True"	570	614	
"neg"	"is_red"	"mcrae"	"not_certain"	0.2351161342	-0	"True"	"neg-is_red-some"	"barn"	"barn"	22098	"True"	"True"	"True"	2	0	2	0.125	0.125	"poly"	"met"	"abs-conc"	"True"	614	466	289
"neg"	"is_black"	"cslb veale_simile"	"not_certain"	0.2355185616	-0	"True"	-0	"raven"	"raven"	11726	"True"	"True"	"True"	1	0	5	0.2222222222	0.2943121693	"poly"		"conc"	"True"			
"neg"	"black"	"conceptnet"	"not_certain"	0.2392291538	-0	"True"	-0	"couch"	"couch"	5000	"True"	"True"	"True"	1	0	4	0.4761904762	0.5793650794	"homonyms_only_different_pos"		"abs-conc"	"True"	578	521	
"neg"	"is_black"	"veale_simile"	"not_certain"	0.239840235	-0	"True"	-0	"crow"	"crow"	15515	"True"	"True"	"True"	4	3	9	0.0909090909	0.2197710328	"homonyms_also_same_pos"		"abs-conc-n"	"True"	590	490	308
"neg"	"black"	"conceptnet"	"not_certain"	0.240486977	-0	"True"	-0	"leopards"	"leopard"	3688	"True"	"True"	"True"	1	0	2	0.16	0.16	"mon"		"abs-conc"	"True"			
"neg"	"is_blue"	"veale_simile"	"not_certain"	0.2408314781	-0	"True"	-0	"iceberg"	"iceberg"	2181	"True"	"True"	"True"	1	0	2	0.25	0.25	"mon"		"conc"	"True"		406	
"pos"	"is_yellow is_black"	"cslb"	"not_certain"	0.2438055763	-0	"True"	-0	"taxi"	"taxi"	18419	"True"	"True"	"True"	2	0	3	0.25	0.25	"homonyms_only_different_pos"	"non-met"	"conc"	"True"			
"neg"	"is_black"	"cslb"	"not_certain"	0.2464285032	-0	"True"	-0	"tights"	"tight"	1030	"True"	"False"	"True"	5	0	16	"None"		"homonyms_only_different_pos"	"met non-met"	-0	"False"			
"neg"	"blue"	"conceptnet"	"not_certain"	0.2508723998	-0	"True"	-0	"diamond"	"diamond"	49117	"True"	"True"	"True"	3	0	6	0.1	0.2717131063	"poly"		"abs-conc"	"True"	610	512	339
"neg"	"is_red"	"cslb veale_simile"	"not_certain"	0.2517836309	-0	"True"	-0	"herring"	"herring"	7294	"True"	"True"	"True"	1	0	2	0.1904761905	0.1904761905	"poly"		"conc"	"True"	617	425	397
"neg"	"green blue"	"conceptnet"	"not_certain"	0.2537304819	-0	"True"	-0	"eyes"	"eye"	78628	"True"	"True"	"True"	3	5	6	0.1176470588	0.2130882353	"homonyms_only_different_pos"	"met non-met"	"abs-conc"	"True"			
"neg"	"is_green"	"cslb"	"not_certain"	0.2538048707	-0	"True"	-0	"fir"	"fir"	7722	"True"	"True"	"True"	1	0	2	0.1904761905	0.1904761905	"poly"		"abs-conc"	"True"	442	407	
"neg"	"blue"	"conceptnet"	"not_certain"	0.2552483827	-0	"True"	-0	"water"	"water"	586090	"True"	"True"	"True"	6	12	10	0.1818181818	0.34977749	"homonyms_only_different_pos"	"non-met"	"abs-conc"	"True"	616	641	153
"neg"	"is_red"	"cslb mcrae"	"not_certain"	0.2561696746	-0	"True"	"neg-is_red-most"	"brick"	"brick"	66010	"True"	"True"	"True"	2	0	2	0.5	0.5	"poly"	"non-met"	"conc"	"True"	610	529	261
"neg"	"is_black"	"cslb"	"not_certain"	0.2565771102	-0	"True"	-0	"rhino"	"rhino"	5858	"True"	"True"	"True"	0	0	1	1	1			"conc"	"True"			
"neg"	"is_blue"	"cslb veale_simile"	"not_certain"	0.2587649402	-0	"True"	-0	"dolphin"	"dolphin"	8641	"True"	"True"	"True"	2	0	2	0.5625	0.5625	"mon"	"non-met"	"conc"	"True"			
"pos"	"is_yellow"	"veale_simile"	"not_certain"	0.2591098772	-0	"True"	-0	"sun"	"sun"	141986	"True"	"True"	"True"	3	0	7	0.0952380952	0.2774699673	"homonyms_only_different_pos"	"met non-met"	"abs-conc-n"	"True"	617	635	181
"neg"	"green"	"conceptnet"	"not_certain"	0.2604356111	-0	"True"	-0	"jade"	"jade"	10914	"True"	"True"	"True"	3	0	7	0.08	0.1966293184	"homonyms_also_same_pos"		"abs-conc"	"True"	570	359	572
"neg"	"blue is_blue"	"conceptnet veale_simile"	"not_certain"	0.2612646696	-0	"True"	-0	"sky"	"sky"	68976	"True"	"True"	"True"	0	1	2	"None"		"homonyms_only_different_pos"	"non-met"	"conc"	"True"	542	607	
"pos"	"pos"	"manually_included"	"certain"	0.2615852268	-0	"True"	-0	"crane"	"crane"	17753	"True"	"True"	"True"	2	0	6	0.3636363636	0.4592889377	"homonyms_only_different_pos"	"non-met"	"conc-n"	"True"	606	428	350
"neg"	"is_black"	"cslb"	"not_certain"	0.2637372794	-0	"True"	-0	"stockings"	"stocking"	3531	"True"	"True"	"True"	1	0	9	0.1111111111	0.4488455988	"poly"	"non-met"	"abs-conc"	"True"			
"neg"	"is_black"	"mcrae"	"not_certain"	0.2652358493	-0	"True"	"neg-is_black-some"	"boots"	"boot"	14607	"True"	"True"	"True"	5	20	9	0.0869565217	0.2410615191	"homonyms_also_same_pos"	"met non-met"	"abs-conc"	"True"			
"neg"	"black"	"conceptnet"	"not_certain"	0.2668341826	-0	"True"	-0	"sand"	"sand"	51782	"True"	"True"	"True"	2	0	4	0.125	0.2046296296	"homonyms_only_different_pos"	"non-met"	"abs-n"	"True"	616	519	217
"neg"	"is_green is_blue"	"cslb veale_simile"	"not_certain"	0.2668365618	-0	"True"	-0	"kingfisher"	"kingfisher"	3016	"True"	"True"	"True"	0	0	1	1	1	"mon"	"non-met"	"conc"	"True"			
"neg"	"is_blue"	"veale_simile"	"not_certain"	0.2671550563	-0	"True"	-0	"lark"	"lark"	3703	"True"	"True"	"True"	2	0	5	0.0909090909	0.497039997	"homonyms_also_same_pos"	"met"	"abs-conc"	"True"	578	436	
"neg"	"is_red"	"veale_simile"	"not_certain"	0.2682976875	-0	"True"	-0	"flame"	"flame"	16929	"True"	"True"	"True"	2	4	4	0.1428571429	0.1865079365	"homonyms_only_different_pos"	"non-met"	"conc"	"True"	582	551	261
"neg"	"is_black"	"cslb mcrae"	"not_certain"	0.2700677473	-0	"True"	"neg-is_black-some"	"bear"	"bear"	69793	"True"	"True"	"True"	8	17	15	0.1818181818	0.3037520817	"homonyms_only_different_pos"	"met non-met"	"conc"	"True"	585	526	
"neg"	"blue"	"conceptnet"	"not_certain"	0.2713212315	-0	"True"	-0	"chameleons"	"chameleon"	793	"True"	"True"	"True"	1	0	3	0.380952381	0.4865800866	"poly"		"conc-n"	"True"			
"neg"	"is_black"	"veale_simile"	"not_certain"	0.272319712	-0	"True"	-0	"thundercloud"	"thundercloud"	101	"True"	"True"	"True"	0	0	1	1	1	"mon"		"conc"	"True"			
"neg"	"red"	"conceptnet"	"not_certain"	0.27265814	-0	"True"	-0	"yoyo"	"yoyo"	484	"False"	"False"	"True"	0	0	0	"None"		"mon"		-0	"False"			
"neg"	"is_black"	"cslb"	"not_certain"	0.2736988313	-0	"True"	-0	"lantern"	"lantern"	11966	"True"	"True"	"True"	0	0	1	1	1	"poly"		"conc"	"True"	630	441	
"neg"	"is_red"	"cslb"	"not_certain"	0.2739746371	-0	"True"	-0	"lips"	"lip"	9324	"True"	"True"	"True"	2	0	5	0.1111111111	0.201643324	"poly"	"non-met"	"abs-conc"	"True"			
"neg"	"black"	"conceptnet"	"not_certain"	0.2765370422	-0	"True"	-0	"cats"	"cat"	29328	"True"	"True"	"True"	3	3	10	0.08	0.3308159837	"poly"	"met non-met"	"abs-conc"	"True"			
"neg"	"green"	"conceptnet"	"not_certain"	0.2766842607	-0	"True"	-0	"lawn"	"lawn"	14438	"True"	"True"	"True"	0	4	1	1	1	"homonyms_also_same_pos"	"non-met"	"conc"	"True"	588	534	
"neg"	"is_black is_red"	"cslb"	"not_certain"	0.2773793742	-0	"True"	-0	"hair"	"hair"	67185	"True"	"True"	"True"	3	0	6	0.1428571429	0.3297985348	"poly"	"non-met"	"abs-conc"	"True"	583	575	
"neg"	"is_black"	"mcrae"	"not_certain"	0.2783497502	-0	"True"	"neg-is_black-some"	"buzzard"	"buzzard"	1878	"True"	"True"	"True"	2	0	2	0.8148148148	0.8148148148	"poly"		"conc"	"True"			
"neg"	"is_green"	"cslb"	"not_certain"	0.2792086673	-0	"True"	-0	"elm"	"elm"	10141	"True"	"True"	"True"	1	0	2	0.2105263158	0.2105263158	"poly"		"abs-conc"	"True"	579	456	367
"neg"	"is_red"	"cslb"	"not_certain"	0.2796929197	-0	"True"	-0	"jam"	"jam"	23933	"True"	"True"	"True"	6	4	11	0.1	0.1866547033	"homonyms_also_same_pos"	"non-met"	"abs-conc"	"True"	563	529	
"neg"	"black"	"conceptnet"	"not_certain"	0.2801699443	-0	"True"	-0	"ink"	"ink"	15096	"True"	"True"	"True"	2	5	5	0.1666666667	0.2708333333	"mon"		"abs"	"True"	608	542	
"neg"	"red is_red"	"conceptnet veale_simile"	"not_certain"	0.2821987604	-0	"True"	-0	"ruby"	"ruby"	16054	"True"	"True"	"False"	1	0	4	0.1052631579	0.1832358674	"poly"		"abs-conc"	"False"	594	445	397
"neg"	"is_black"	"veale_simile"	"not_certain"	0.2829442951	-0	"True"	-0	"bat"	"bat"	33122	"True"	"True"	"True"	4	15	10	0.1	0.3531565657	"homonyms_also_same_pos"		"abs-conc"	"True"	564	514	
"neg"	"is_blue"	"cslb"	"not_certain"	0.2834437061	-0	"True"	-0	"whale"	"whale"	15420	"True"	"True"	"True"	1	0	3	0.5217391304	0.5217391304	"poly"		"conc"	"True"	610	500	
"neg"	"is_red"	"veale_simile"	"not_certain"	0.2841894544	-0	"True"	-0	"rooster"	"rooster"	4014	"True"	"True"	"True"	0	0	1	1	1	"mon"		"conc"	"True"		385	
"neg"	"is_black"	"cslb"	"not_certain"	0.2864812095	-0	"True"	-0	"millipede"	"millipede"	448	"True"	"True"	"True"	0	0	1	1	1	"mon"	"met"	"conc"	"True"			
"neg"	"blue"	"conceptnet"	"not_certain"	0.2870452754	-0	"True"	-0	"umbrellas"	"umbrella"	1330	"True"	"True"	"True"	3	0	4	0.0952380952	0.2354497354	"poly"	"non-met"	"abs-conc"	"True"			
"neg"	"is_black"	"cslb"	"not_certain"	0.2881938276	-0	"True"	-0	"pelican"	"pelican"	3522	"True"	"True"	"True"	0	0	1	1	1	"mon"		"conc"	"True"			
"pos"	"is_yellow"	"veale_simile"	"not_certain"	0.2885638837	-0	"True"	-0	"sunbeam"	"sunbeam"	1958	"True"	"True"	"True"	0	0	1	1	1	"mon"		"conc"	"True"			
"pos"	"pos"	"manually_included"	"certain"	0.2886311348	-0	"True"	-0	"paint"	"paint"	37795	"True"	"True"	"True"	4	13	7	0.2222222222	0.3088624339	"homonyms_only_different_pos"	"met non-met"	"abs-conc"	"True"	577	551	
"neg"	"is_black"	"mcrae"	"not_certain"	0.2898632701	-0	"True"	"neg-is_black-all"	"blackbird"	"blackbird"	2439	"True"	"True"	"True"	2	0	2	0.8571428571	0.8571428571	"mon"		"conc"	"True"			
"pos"	"is_yellow"	"cslb"	"not_certain"	0.2904040985	-0	"True"	-0	"cheetah"	"cheetah"	3208	"True"	"True"	"True"	0	0	1	1	1	"mon"		"conc"	"True"			
"neg"	"red"	"conceptnet"	"not_certain"	0.2911924998	-0	"True"	-0	"balloons"	"balloon"	6121	"True"	"True"	"True"	4	4	4	0.1428571429	0.3345864662	"homonyms_only_different_pos"		"conc"	"True"			
"neg"	"is_green is_blue"	"cslb"	"not_certain"	0.2923045582	-0	"True"	-0	"peacock"	"peacock"	7844	"True"	"True"	"True"	1	0	2	0.5185185185	0.5185185185	"poly"		"conc"	"True"			
"pos"	"is_yellow"	"cslb cslb_crowd_pos"	"certain"	0.2933503484	-0	"True"	-0	"sandpaper"	"sandpaper"	482	"True"	"True"	"True"	0	0	2	"None"		"homonyms_only_different_pos"		"abs"	"True"			
"neg"	"is_black"	"cslb"	"not_certain"	0.2948360458	-0	"True"	-0	"penguin"	"penguin"	10664	"True"	"True"	"True"	0	0	1	1	1	"mon"		"conc"	"True"		360	
"neg"	"is_black"	"cslb"	"not_certain"	0.2954937677	-0	"True"	-0	"tiger"	"tiger"	39520	"True"	"True"	"True"	1	0	2	0.5217391304	0.5217391304	"poly"	"met"	"conc"	"True"	611	513	
"neg"	"green"	"conceptnet"	"not_certain"	0.2969975704	-0	"True"	-0	"glass"	"glass"	102855	"True"	"True"	"True"	5	7	12	0.0952380952	0.2823141634	"poly"	"non-met"	"abs-conc"	"True"	635	611	
"neg"	"is_black"	"veale_simile"	"not_certain"	0.2970136624	-0	"True"	-0	"oven"	"oven"	5535	"True"	"True"	"True"	0	0	1	1	1	"poly"	"non-met"	"conc"	"True"	593	577	236
"pos"	"red is_yellow is_red"	"cslb conceptnet veale_simile cslb_crowd_pos"	"certain"	0.2973023949	-0	"True"	-0	"rose"	"rise"	130468	"True"	"True"	"False"	10	16	27	0.125	0.2882828787	"homonyms_only_different_pos"	"met non-met"	"abs-conc"	"False"	608	556	
"neg"	"is_black"	"cslb"	"not_certain"	0.2976483362	-0	"True"	-0	"gorilla"	"gorilla"	5403	"True"	"True"	"True"	0	0	1	1	1	"poly"		"conc"	"True"	620	554	
"neg"	"is_green"	"cslb"	"not_certain"	0.2987635219	-0	"True"	-0	"leek"	"leek"	1874	"True"	"True"	"False"	1	0	2	0.2	0.2	"mon"		"conc"	"False"	621	431	389
"neg"	"green"	"conceptnet"	"not_certain"	0.3021494982	-0	"True"	-0	"emerald"	"emerald"	8164	"True"	"True"	"True"	2	0	3	0.1052631579	0.1832358674	"homonyms_only_different_pos"		"abs-conc"	"True"	613	457	
"neg"	"is_black"	"cslb"	"not_certain"	0.3027221135	-0	"True"	-0	"scorpion"	"scorpion"	5607	"True"	"True"	"True"	1	0	3	0.3333333333	0.4644945698	"mon"		"conc-n"	"True"	590	342	
"neg"	"red"	"conceptnet"	"not_certain"	0.3036778827	-0	"True"	-0	"rubies"	"ruby"	881	"True"	"True"	"True"	1	0	4	0.1052631579	0.1832358674	"poly"		"abs-conc"	"True"			
"neg"	"red"	"conceptnet"	"not_certain"	0.3047530228	-0	"True"	-0	"wines"	"wine"	15960	"True"	"True"	"True"	2	0	4	0.2	0.2	"homonyms_only_different_pos"	"non-met"	"abs"	"True"			
"neg"	"is_black"	"cslb"	"not_certain"	0.304841007	-0	"True"	-0	"housefly"	"housefly"	135	"True"	"True"	"True"	0	0	1	1	1	"mon"		"conc"	"True"			
"neg"	"blue"	"conceptnet"	"not_certain"	0.3059239942	-0	"True"	-0	"sapphire"	"sapphire"	3910	"True"	"True"	"True"	2	0	4	0.1052631579	0.1832358674	"mon"		"abs-conc"	"True"	572	380	
"neg"	"green"	"conceptnet"	"not_certain"	0.3061184244	-0	"True"	-0	"limes"	"lime"	1536	"True"	"True"	"True"	5	0	8	0.1739130435	0.3775651809	"homonyms_also_same_pos"		"abs-conc"	"True"			
"neg"	"is_green"	"cslb"	"not_certain"	0.3078928069	-0	"True"	-0	"crocodile"	"crocodile"	6355	"True"	"True"	"True"	0	0	1	1	1	"poly"		"conc"	"True"	583	456	
"neg"	"is_black"	"cslb"	"not_certain"	0.308354489	-0	"True"	-0	"slug"	"slug"	4695	"True"	"True"	"True"	3	0	10	0.0909090909	0.2274911493	"homonyms_also_same_pos"	"met"	"abs-conc"	"True"			
"neg"	"is_black"	"cslb"	"not_certain"	0.3109127126	-0	"True"	-0	"cockroach"	"cockroach"	1151	"True"	"True"	"True"	0	0	1	1	1	"mon"		"conc"	"True"			
"pos"	"is_yellow"	"cslb"	"not_certain"	0.3112829127	-0	"True"	-0	"lion"	"lion"	37189	"True"	"True"	"True"	1	0	4	0.2727272727	0.4448494029	"poly"	"non-met"	"conc-n"	"True"	627	511	244
"neg"	"is_black"	"veale_simile"	"not_certain"	0.3137110433	-0	"True"	-0	"pot"	"pot"	16449	"True"	"True"	"True"	4	0	10	0.0952380952	0.2560487207	"homonyms_only_different_pos"	"non-met"	"abs-conc"	"True"	584	577	217
"neg"	"is_black"	"cslb"	"not_certain"	0.3148150479	-0	"True"	-0	"spider"	"spider"	37564	"True"	"True"	"True"	1	0	3	0.0869565217	0.1718426501	"poly"	"met"	"abs-conc"	"True"	607	526	
"pos"	"is_yellow is_black"	"cslb"	"not_certain"	0.3148181938	-0	"True"	-0	"hornet"	"hornet"	4886	"True"	"True"	"True"	0	0	1	1	1	"mon"		"conc"	"True"			
"neg"	"is_green"	"cslb"	"not_certain"	0.320411341	-0	"True"	-0	"iguana"	"iguana"	1811	"True"	"True"	"True"	0	0	1	1	1	"mon"		"conc"	"True"			
"neg"	"is_black"	"cslb"	"not_certain"	0.3207327564	-0	"True"	-0	"flea"	"flea"	4170	"True"	"True"	"True"	0	0	1	0.9090909091	0.9090909091	"poly"		"conc"	"True"	625	515	
"neg"	"is_black"	"cslb"	"not_certain"	0.3213531553	-0	"True"	-0	"magpie"	"magpie"	1829	"True"	"True"	"True"	2	0	3	0.48	0.5018181818	"poly"		"conc"	"True"			
"neg"	"is_green"	"cslb"	"not_certain"	0.322129412	-0	"True"	-0	"grasshopper"	"grasshopper"	2771	"True"	"True"	"True"	1	0	2	0.1818181818	0.1818181818	"poly"	"non-met"	"abs-conc"	"True"	660	507	
"neg"	"is_green"	"cslb"	"not_certain"	0.3225766192	-0	"True"	-0	"sycamore"	"sycamore"	3138	"True"	"True"	"True"	2	0	4	0.1904761905	0.5173168428	"poly"	"non-met"	"abs-conc"	"True"	606	369	381
"neg"	"is_black"	"cslb"	"not_certain"	0.3226750644	-0	"True"	-0	"raccoon"	"raccoon"	2738	"True"	"True"	"True"	1	0	2	0.1666666667	0.1666666667	"poly"		"abs-conc"	"True"			
"neg"	"is_green"	"cslb"	"not_certain"	0.3228040081	-0	"True"	-0	"lizard"	"lizard"	10565	"True"	"True"	"True"	1	0	2	0.5	0.5	"mon"		"conc"	"True"	588	483	
"neg"	"is_green"	"cslb"	"not_certain"	0.3233510766	-0	"True"	-0	"gherkin"	"gherkin"	167	"True"	"True"	"True"	1	0	2	0.2857142857	0.2857142857	"mon"		"conc"	"True"			
"pos"	"is_yellow"	"cslb"	"not_certain"	0.3291812633	-0	"True"	-0	"champagne"	"champagne"	9305	"True"	"True"	"True"	1	0	2	0.2222222222	0.2222222222	"mon"	"non-met"	"abs-n"	"True"			
"neg"	"is_black"	"cslb"	"not_certain"	0.3296648047	-0	"True"	-0	"mussel"	"mussel"	2046	"True"	"True"	"True"	1	0	2	0.2105263158	0.2105263158	"mon"	"non-met"	"conc"	"True"	618	396	414
"neg"	"is_black"	"cslb"	"not_certain"	0.3299283083	-0	"True"	-0	"prune"	"prune"	513	"True"	"True"	"False"	1	0	3	0.1818181818	0.1818181818	"homonyms_only_different_pos"	"non-met"	"conc"	"False"	611	444	347
"neg"	"black"	"conceptnet"	"not_certain"	0.3310939898	-0	"True"	-0	"dog"	"dog"	80291	"True"	"True"	"True"	3	3	8	0.2222222222	0.4336931264	"homonyms_only_different_pos"	"met non-met"	"conc"	"True"	610	598	169
"neg"	"is_red"	"cslb"	"not_certain"	0.3312920609	-0	"True"	-0	"carnation"	"carnation"	1636	"True"	"True"	"True"	1	0	3	0.0909090909	0.0909090909	"homonyms_only_different_pos"		"abs-conc"	"True"	625	490	
"neg"	"is_black"	"cslb"	"not_certain"	0.3333307148	-0	"True"	-0	"zebra"	"zebra"	4168	"True"	"True"	"True"	0	0	1	1	1	"mon"	"non-met"	"conc"	"True"		333	
"neg"	"green"	"conceptnet"	"not_certain"	0.3358660328	-0	"True"	-0	"parakeets"	"parakeet"	466	"True"	"True"	"True"	0	0	1	1	1	"mon"		"conc"	"True"			
"neg"	"is_red"	"cslb"	"not_certain"	0.3358766775	-0	"True"	-0	"lipstick"	"lipstick"	2129	"True"	"True"	"True"	0	0	3	0.1428571429	0.1428571429	"mon"	"non-met"	"conc"	"True"			
"pos"	"is_yellow is_black"	"cslb"	"not_certain"	0.3371010284	-0	"True"	-0	"wasp"	"wasp"	7822	"True"	"True"	"True"	1	0	2	0.5714285714	0.5714285714	"mon"		"conc"	"True"			
"pos"	"is_yellow"	"cslb"	"not_certain"	0.337503298	-0	"True"	-0	"giraffe"	"giraffe"	2010	"True"	"True"	"True"	0	0	1	1	1	"mon"		"conc"	"True"		381	
"neg"	"is_black"	"cslb"	"not_certain"	0.3379196466	-0	"True"	-0	"tarantula"	"tarantula"	1486	"True"	"True"	"True"	1	0	2	0.88	0.88	"mon"		"conc"	"True"			
"neg"	"is_black is_red"	"cslb mcrae"	"not_certain"	0.3396355683	-0	"True"	"neg-is_red-some"	"ant"	"ant"	12917	"True"	"True"	"True"	0	0	1	1	1	"mon"		"conc"	"True"	604	511	
"pos"	"yellow"	"conceptnet"	"not_certain"	0.3414509155	-0	"True"	-0	"green"	"green"	292969	"True"	"True"	"False"	8	0	14	0.1176470588	0.2754922144	"homonyms_only_different_pos"	"non-met"	"abs-conc-n"	"False"	460	583	225
"neg"	"green"	"conceptnet"	"not_certain"	0.3418348952	-0	"True"	-0	"frogs"	"frog"	11118	"True"	"True"	"True"	3	0	4	0.4210526316	0.4625199362	"poly"		"conc"	"True"			
"pos"	"is_green is_yellow is_blue"	"cslb mcrae"	"not_certain"	0.3434562056	-0	"True"	"pos-is_blue-some"	"budgie"	"budgie"	511	"True"	"True"	"True"	0	0	1	1	1		"non-met"	"conc"	"True"			
"neg"	"is_green"	"cslb"	"not_certain"	0.3441681534	-0	"True"	-0	"turtle"	"turtle"	14449	"True"	"True"	"True"	0	0	4	0.2	0.2739130435	"poly"		"conc"	"True"	644	509	
"pos"	"is_yellow is_black"	"cslb"	"not_certain"	0.3450666833	-0	"True"	-0	"leopard"	"leopard"	8893	"True"	"True"	"True"	1	0	2	0.16	0.16	"mon"		"abs-conc"	"True"	595	431	
"neg"	"is_green"	"cslb"	"not_certain"	0.3453419087	-0	"True"	-0	"willow"	"willow"	13007	"True"	"True"	"True"	1	0	2	0.380952381	0.380952381	"poly"	"non-met"	"conc"	"True"	589	425	386
"neg"	"is_green"	"cslb"	"not_certain"	0.3465195951	-0	"True"	-0	"caterpillar"	"caterpillar"	4255	"True"	"True"	"True"	1	0	2	0.4	0.4	"mon"		"conc"	"True"	586	457	
"pos"	"is_yellow"	"cslb"	"not_certain"	0.3473542475	-0	"True"	-0	"locust"	"locust"	3699	"True"	"True"	"True"	2	0	3	0.1818181818	0.2907814992	"poly"		"abs-conc"	"True"			
"neg"	"is_green"	"cslb mcrae"	"not_certain"	0.3474881713	-0	"True"	"neg-is_green-some"	"alligator"	"alligator"	3779	"True"	"True"	"True"	1	0	3	0.1739130435	0.1739130435	"poly"		"abs-conc"	"True"	624	442	
"neg"	"is_green"	"cslb"	"not_certain"	0.3481056585	-0	"True"	-0	"tortoise"	"tortoise"	3936	"True"	"True"	"True"	0	0	1	1	1	"mon"	"non-met"	"conc"	"True"	602	415	
"neg"	"red"	"conceptnet"	"not_certain"	0.3501507035	-0	"True"	-0	"pomegranates"	"pomegranate"	623	"True"	"True"	"True"	2	0	2	0.3333333333	0.3333333333	"poly"		"conc"	"True"			
"neg"	"is_black"	"cslb"	"not_certain"	0.3530643338	-0	"True"	-0	"sheep"	"sheep"	32022	"True"	"True"	"True"	2	0	3	0.48	0.5422222222	"poly"	"non-met"	"conc"	"True"	622	507	
"neg"	"is_green"	"cslb"	"not_certain"	0.3532135044	-0	"True"	-0	"toad"	"toad"	6412	"True"	"True"	"True"	0	0	1	1	1	"mon"		"conc"	"True"	568	516	
"neg"	"green"	"conceptnet"	"not_certain"	0.355251032	-0	"True"	-0	"weeds"	"weed"	4116	"True"	"True"	"True"	1	0	4	0.2352941176	0.318627451	"homonyms_only_different_pos"	"met"	"conc"	"True"			
"neg"	"is_red"	"cslb"	"not_certain"	0.3553187784	-0	"True"	-0	"squirrel"	"squirrel"	7491	"True"	"True"	"True"	1	0	2	0.1739130435	0.1739130435	"mon"	"non-met"	"abs-conc"	"True"	612	511	
"neg"	"green"	"conceptnet"	"not_certain"	0.3553331157	-0	"True"	-0	"insects"	"insect"	27961	"True"	"True"	"True"	1	0	2	0.6	0.6	"poly"		"conc"	"True"			
"neg"	"is_green green"	"cslb conceptnet"	"not_certain"	0.3559591551	-0	"True"	-0	"frog"	"frog"	22515	"True"	"True"	"True"	3	0	4	0.4210526316	0.4625199362	"poly"		"conc"	"True"	619	507	258
"neg"	"is_black is_red"	"cslb"	"not_certain"	0.3601279816	-0	"True"	-0	"ladybird"	"ladybird"	634	"True"	"True"	"True"	0	0	1	1	1	"mon"		"conc"	"True"			
"pos"	"is_yellow"	"cslb"	"not_certain"	0.360775199	-0	"True"	-0	"pansy"	"pansy"	730	"True"	"True"	"True"	2	0	3	0.5714285714	0.6010025063	"poly"		"conc"	"True"			
"neg"	"is_black"	"cslb"	"not_certain"	0.3617428782	-0	"True"	-0	"skunk"	"skunk"	2209	"True"	"True"	"True"	2	0	5	0.0909090909	0.238510101	"homonyms_only_different_pos"		"abs-conc"	"True"	648	519	
"neg"	"is_red"	"veale_simile"	"not_certain"	0.3626297384	-0	"True"	-0	"berry"	"berry"	20292	"True"	"True"	"True"	1	0	4	0.3333333333	0.5127674258	"poly"	"non-met"	"conc-n"	"True"	573	470	289
"neg"	"is_red"	"veale_simile"	"not_certain"	0.3633632976	-0	"True"	-0	"peony"	"peony"	650	"True"	"True"	"True"	0	0	1	1	1	"mon"		"conc"	"True"			
"pos"	"yellow"	"conceptnet"	"not_certain"	0.3636518947	-0	"True"	-0	"yolk"	"yolk"	1751	"True"	"True"	"True"	1	0	2	0.7142857143	0.7142857143	"mon"		"conc"	"True"	593	471	
"pos"	"is_yellow"	"cslb"	"not_certain"	0.3649589476	-0	"True"	-0	"daisy"	"daisy"	11859	"True"	"True"	"True"	0	0	1	1	1	"poly"	"non-met"	"conc"	"True"	613	519	
"neg"	"is_black"	"cslb"	"not_certain"	0.3661813369	-0	"True"	-0	"raisin"	"raisin"	1328	"True"	"True"	"True"	0	0	1	0.75	0.75	"mon"	"non-met"	"conc"	"True"			
"pos"	"yellow"	"conceptnet"	"not_certain"	0.3671507304	-0	"True"	-0	"daisies"	"daisy"	1115	"True"	"True"	"True"	0	0	1	1	1	"poly"	"non-met"	"conc"	"True"			
"neg"	"is_red"	"cslb"	"not_certain"	0.3679999558	-0	"True"	-0	"wine"	"wine"	72076	"True"	"True"	"True"	2	0	4	0.2	0.2	"homonyms_only_different_pos"	"non-met"	"abs"	"True"	621	570	403
"neg"	"is_green"	"cslb"	"not_certain"	0.3688431318	-0	"True"	-0	"pine"	"pine"	42283	"True"	"True"	"True"	1	0	3	0.1904761905	0.1904761905	"homonyms_only_different_pos"	"non-met"	"abs-conc"	"True"	592	557	
"neg"	"is_green"	"cslb"	"not_certain"	0.3690028289	-0	"True"	-0	"aubergine"	"aubergine"	218	"True"	"True"	"True"	2	0	2	0.2105263158	0.2105263158	"mon"	"non-met"	"conc"	"True"			
"neg"	"is_black"	"cslb"	"not_certain"	0.3752732013	-0	"True"	-0	"cow"	"cow"	15386	"True"	"True"	"True"	2	0	4	0.4137931034	0.5562885224	"homonyms_only_different_pos"	"met non-met"	"conc"	"True"	621	529	
"pos"	"is_yellow"	"cslb cslb_crowd_pos"	"certain"	0.3768127266	-0	"True"	-0	"beer"	"beer"	40202	"True"	"True"	"True"	0	1	1	1	1	"poly"	"non-met"	"abs"	"True"	587	604	
"neg"	"blue"	"conceptnet"	"not_certain"	0.3777157666	-0	"True"	-0	"violets"	"violet"	1275	"True"	"True"	"True"	1	0	3	0.1	0.1	"poly"	"non-met"	"abs-conc"	"True"			
"neg"	"is_black"	"veale_simile"	"not_certain"	0.3780265173	-0	"True"	-0	"sloe"	"sloe"	174	"True"	"True"	"False"	1	0	3	0.2962962963	0.4454766919	"mon"		"conc"	"False"	300	185	
"pos"	"yellow"	"conceptnet"	"not_certain"	0.3794379945	-0	"True"	-0	"corncob"	"corncob"	128	"True"	"True"	"True"	0	0	1	1	1	"mon"		"conc"	"True"			
"neg"	"is_black"	"cslb mcrae"	"not_certain"	0.3802268029	-0	"True"	"neg-is_black-some"	"beetle"	"beetle"	32727	"True"	"True"	"True"	4	4	6	0.25	0.2992424242	"homonyms_also_same_pos"		"conc"	"True"	619	503	
"neg"	"is_red"	"cslb veale_simile"	"not_certain"	0.3816508749	-0	"True"	-0	"lobster"	"lobster"	3817	"True"	"True"	"True"	1	0	2	0.2	0.2	"poly"		"conc"	"True"	590	472	
"neg"	"is_red"	"mcrae"	"not_certain"	0.3823408527	-0	"True"	"neg-is_red-some"	"beets"	"beet"	1374	"True"	"True"	"True"	1	0	2	0.2	0.2	"poly"		"conc"	"True"			
"neg"	"blue"	"conceptnet"	"not_certain"	0.3825895061	-0	"True"	-0	"eggs"	"egg"	47230	"True"	"True"	"True"	2	0	5	0.2	0.2239551084	"poly"	"met non-met"	"conc"	"True"			
"neg"	"black"	"conceptnet"	"not_certain"	0.3900256088	-0	"True"	-0	"truffles"	"truffle"	627	"True"	"True"	"True"	2	0	3	0.2222222222	0.2685185185	"poly"		"conc"	"True"			
"neg"	"is_red"	"cslb"	"not_certain"	0.3906652317	-0	"True"	-0	"geranium"	"geranium"	772	"True"	"True"	"True"	0	0	1	1	1	"mon"	"non-met"	"conc"	"True"			
"neg"	"black"	"conceptnet"	"not_certain"	0.3910128553	-0	"True"	-0	"rice"	"rice"	65319	"True"	"True"	"True"	1	0	5	0.1904761905	0.3726551227	"poly"	"non-met"	"conc-n"	"True"	608	548	
"neg"	"is_green"	"cslb"	"not_certain"	0.3935019581	-0	"True"	-0	"fern"	"fern"	6639	"True"	"True"	"True"	0	0	1	1	1	"mon"		"conc"	"True"			
"pos"	"is_yellow"	"cslb veale_simile"	"not_certain"	0.3945289034	-0	"True"	-0	"daffodil"	"daffodil"	759	"True"	"True"	"True"	0	0	1	1	1	"mon"	"non-met"	"conc"	"True"	595	404	
"neg"	"red"	"conceptnet"	"not_certain"	0.3951659819	-0	"True"	-0	"tomatoes"	"tomato"	17974	"True"	"True"	"True"	2	0	2	0.2105263158	0.2105263158	"poly"	"non-met"	"conc"	"True"			
"neg"	"is_green green"	"cslb conceptnet mcrae"	"not_certain"	0.3970345884	-0	"True"	"neg-is_green-all"	"broccoli"	"broccoli"	1397	"True"	"True"	"True"	1	0	2	0.2	0.2	"mon"		"conc"	"True"			
"neg"	"is_green"	"cslb"	"not_certain"	0.3973491411	-0	"True"	-0	"seaweed"	"seaweed"	2510	"True"	"True"	"True"	0	0	1	1	1	"mon"		"conc"	"True"	593	478	
"neg"	"is_red"	"veale_simile"	"not_certain"	0.3974682106	-0	"True"	-0	"beetroot"	"beetroot"	334	"True"	"True"	"True"	1	0	2	0.1904761905	0.1904761905	"poly"		"conc"	"True"			
"pos"	"is_yellow"	"cslb"	"not_certain"	0.3996650476	-0	"True"	-0	"goldfish"	"goldfish"	1667	"True"	"True"	"True"	0	0	1	1	1	"mon"		"conc"	"True"			
"neg"	"is_red"	"cslb"	"not_certain"	0.4014589018	-0	"True"	-0	"ketchup"	"ketchup"	1311	"True"	"True"	"True"	0	0	1	1	1	"mon"	"non-met"	"conc"	"True"			
"pos"	"is_yellow is_black"	"cslb"	"not_certain"	0.4020723236	-0	"True"	-0	"bee"	"bee"	20452	"True"	"True"	"True"	2	0	2	0.1052631579	0.1052631579	"poly"		"abs-conc"	"True"	597	554	
"neg"	"is_red"	"veale_simile"	"not_certain"	0.4073156006	-0	"True"	-0	"beet"	"beet"	2546	"True"	"True"	"True"	1	0	2	0.2	0.2	"poly"		"conc"	"True"	645	497	
"neg"	"is_green"	"mcrae"	"not_certain"	0.4106618828	-0	"True"	"neg-is_green-some"	"bottle"	"bottle"	18995	"True"	"True"	"True"	3	3	5	0.1333333333	0.3444444444	"homonyms_only_different_pos"	"non-met"	"abs-conc"	"True"	591	591	
"neg"	"is_green"	"cslb"	"not_certain"	0.4134458865	-0	"True"	-0	"parsley"	"parsley"	1638	"True"	"True"	"False"	1	0	2	0.2	0.2	"mon"		"conc"	"False"			
"neg"	"red green"	"conceptnet"	"not_certain"	0.4204439281	-0	"True"	-0	"peppers"	"pepper"	7195	"True"	"True"	"True"	2	0	6	0.2	0.3015151515	"homonyms_only_different_pos"		"conc"	"True"			
"neg"	"is_black"	"cslb"	"not_certain"	0.42057468	-0	"True"	-0	"coffee"	"coffee"	42783	"True"	"True"	"True"	2	0	4	0.1	0.2050505051	"poly"	"non-met"	"abs-conc"	"True"	613	625	292
"neg"	"is_green is_black"	"cslb"	"not_certain"	0.4216727498	-0	"True"	-0	"olive"	"olive"	22573	"True"	"True"	"True"	3	0	6	0.0909090909	0.2772883546	"poly"	"non-met"	"abs-conc"	"True"	618	444	458
"pos"	"is_yellow"	"cslb cslb_crowd_pos"	"certain"	0.4223968913	-0	"True"	-0	"cider"	"cider"	3871	"True"	"True"	"True"	0	0	1	1	1	"poly"	"non-met"	"abs"	"True"	626	507	431
"neg"	"is_black is_red"	"cslb"	"not_certain"	0.4229841385	-0	"True"	-0	"currant"	"currant"	542	"True"	"True"	"True"	2	0	3	0.3333333333	0.4670531401	"poly"	"non-met"	"conc"	"True"			
"neg"	"is_green"	"cslb"	"not_certain"	0.423191977	-0	"True"	-0	"eucalyptus"	"eucalyptus"	5075	"True"	"True"	"True"	1	0	2	0.2	0.2	"poly"		"abs-conc"	"True"			
"pos"	"is_yellow"	"cslb_crowd_pos"	"certain"	0.4245010861	-0	"True"	-0	"lemonade"	"lemonade"	1602	"True"	"True"	"True"	0	0	1	1	1	"poly"	"non-met"	"abs"	"True"	615	522	
"neg"	"green"	"conceptnet"	"not_certain"	0.4276269504	-0	"True"	-0	"artichokes"	"artichoke"	267	"True"	"True"	"True"	1	0	2	0.2105263158	0.2105263158	"poly"	"non-met"	"conc"	"True"			
"neg"	"is_green green"	"cslb conceptnet"	"not_certain"	0.4286781403	-0	"True"	-0	"peas"	"pea"	4728	"True"	"True"	"True"	1	0	3	0.1904761905	0.2461007591	"poly"	"non-met"	"conc"	"True"			
"neg"	"is_red"	"cslb veale_simile"	"not_certain"	0.4291590752	-0	"True"	-0	"radish"	"radish"	799	"True"	"True"	"True"	1	0	5	0.1904761905	0.479478951	"poly"		"conc"	"True"		456	
"pos"	"is_yellow"	"veale_simile"	"not_certain"	0.4312099401	-0	"True"	-0	"saffron"	"saffron"	3363	"True"	"True"	"True"	2	0	3	0.0952380952	0.1322751323	"poly"		"abs-conc"	"True"			
"neg"	"is_green"	"cslb"	"not_certain"	0.4317279115	-0	"True"	-0	"artichoke"	"artichoke"	557	"True"	"True"	"True"	1	0	2	0.2105263158	0.2105263158	"poly"	"non-met"	"conc"	"True"			
"neg"	"green"	"conceptnet"	"not_certain"	0.4346394095	-0	"True"	-0	"pears"	"pear"	2484	"True"	"True"	"True"	2	0	2	0.3333333333	0.3333333333	"mon"	"non-met"	"conc"	"True"			
"neg"	"is_red"	"cslb veale_simile"	"not_certain"	0.4358696422	-0	"True"	-0	"cherry"	"cherry"	22512	"True"	"True"	"True"	3	0	5	0.0909090909	0.2215979826	"homonyms_only_different_pos"		"abs-conc"	"True"	611	514	317
"pos"	"is_yellow"	"cslb veale_simile"	"not_certain"	0.4368557905	-0	"True"	-0	"buttercup"	"buttercup"	903	"True"	"True"	"True"	0	0	1	1	1	"mon"		"conc"	"True"			
"neg"	"is_red"	"cslb"	"not_certain"	0.4422313402	-0	"True"	-0	"crab"	"crab"	8586	"True"	"True"	"True"	3	0	11	0.0909090909	0.3042353307	"homonyms_also_same_pos"		"abs-conc-n"	"True"	626	433	292
"neg"	"is_green"	"cslb"	"not_certain"	0.4428503205	-0	"True"	-0	"celery"	"celery"	1209	"True"	"True"	"True"	1	0	2	0.2222222222	0.2222222222	"poly"		"conc"	"True"			
"neg"	"is_green green is_red"	"cslb conceptnet"	"not_certain"	0.4449149695	-0	"True"	-0	"grape"	"grape"	14592	"True"	"True"	"True"	1	0	3	0.347826087	0.3641382772	"poly"		"conc"	"True"	611	532	297
"neg"	"green"	"conceptnet"	"not_certain"	0.4454485048	-0	"True"	-0	"clover"	"clover"	5033	"True"	"True"	"True"	0	0	1	1	1	"poly"		"conc"	"True"	554	486	
"neg"	"is_green"	"cslb"	"not_certain"	0.4474238039	-0	"True"	-0	"lime"	"lime"	13357	"True"	"True"	"True"	5	0	8	0.1739130435	0.3775651809	"homonyms_also_same_pos"		"abs-conc"	"True"	590	447	378
"neg"	"blue is_blue"	"cslb conceptnet mcrae veale_simile"	"not_certain"	0.4529199393	-0	"True"	"neg-is_blue-all"	"blueberry"	"blueberry"	2067	"True"	"True"	"True"	1	0	2	0.347826087	0.347826087	"mon"		"conc"	"True"			
"pos"	"is_yellow"	"cslb"	"not_certain"	0.4540472488	-0	"True"	-0	"cheese"	"cheese"	21839	"True"	"True"	"True"	2	0	4	0.2222222222	0.2361111111	"poly"	"non-met"	"conc"	"True"	624	588	211
"neg"	"is_green"	"cslb mcrae"	"not_certain"	0.4548009761	-0	"True"	"neg-is_green-all"	"asparagus"	"asparagus"	1431	"True"	"True"	"True"	1	0	2	0.2222222222	0.2222222222	"mon"		"conc"	"True"	608	534	
"neg/pos"	"neighbors-200"	"wikipedia_sgns_model"	"not_certain"	0.455101264	-0	"True"	-0	"oppositifolia"	"oppositifolia"	106	"False"	"False"	"True"	0	0	0	"None"				-0	"False"			
"neg/pos"	"neighbors-200"	"wikipedia_sgns_model"	"not_certain"	0.4554884408	-0	"True"	-0	"almonds"	"almond"	1902	"True"	"True"	"True"	2	0	2	0.32	0.32	"poly"		"conc"	"True"			
"neg/pos"	"neighbors-200"	"wikipedia_sgns_model"	"not_certain"	0.4555085039	-0	"True"	-0	"plantain"	"plantain"	1273	"True"	"True"	"True"	2	0	3	0.2105263158	0.4299637984	"homonyms_also_same_pos"		"conc"	"True"			
"neg/pos"	"neighbors-200"	"wikipedia_sgns_model"	"not_certain"	0.4556938712	-0	"True"	-0	"jalapeos"	"jalapeos"	136	"False"	"False"	"False"	0	0	0	"None"				-0	"False"			
"neg/pos"	"neighbors-200"	"wikipedia_sgns_model"	"not_certain"	0.4557782178	-0	"True"	-0	"phostria"	"phostria"	178	"False"	"False"	"True"	0	0	0	"None"				-0	"False"			
"neg/pos"	"neighbors-200"	"wikipedia_sgns_model"	"not_certain"	0.4558415356	-0	"True"	-0	"pycnarmon"	"pycnarmon"	114	"False"	"False"	"True"	0	0	0	"None"				-0	"False"			
"neg"	"is_green is_red"	"cslb"	"not_certain"	0.4562326245	-0	"True"	-0	"rhubarb"	"rhubarb"	903	"True"	"True"	"True"	1	0	2	0.2222222222	0.2222222222	"poly"		"conc"	"True"			
"neg/pos"	"neighbors-200"	"wikipedia_sgns_model"	"not_certain"	0.4564856698	-0	"True"	-0	"milk"	"milk"	42123	"True"	"True"	"True"	2	4	7	0.2	0.4150793651	"homonyms_only_different_pos"	"non-met"	"abs-conc-n"	"True"	670	588	
"neg/pos"	"neighbors-200"	"wikipedia_sgns_model"	"not_certain"	0.4565202723	-0	"True"	-0	"herbs"	"herb"	7745	"True"	"True"	"True"	2	0	2	0.2222222222	0.2222222222	"mon"	"non-met"	"conc"	"True"			
"neg"	"is_green is_red"	"cslb"	"not_certain"	0.4567746641	-0	"True"	-0	"jelly"	"jelly"	4603	"True"	"True"	"False"	1	0	4	0.5	0.6174089069	"poly"		"conc"	"False"	560	521	
"neg/pos"	"neighbors-200"	"wikipedia_sgns_model"	"not_certain"	0.4568200194	-0	"True"	-0	"antennaria"	"antennaria"	154	"True"	"True"	"True"	0	0	1	1	1			"abs"	"True"			
"pos"	"is_yellow is_yellow"	"cslb manually_included"	"certain"	0.4568611895	-0	"True"	-0	"marigold"	"marigold"	998	"True"	"True"	"True"	0	0	1	1	1	"mon"		"conc"	"True"			
"neg/pos"	"neighbors-200"	"wikipedia_sgns_model"	"not_certain"	0.457187169	-0	"True"	-0	"geraniums"	"geranium"	164	"True"	"True"	"True"	0	0	1	1	1	"mon"	"non-met"	"conc"	"True"			
"neg"	"is_black is_red"	"cslb veale_simile"	"not_certain"	0.4572137698	-0	"True"	-0	"poppy"	"poppy"	5245	"True"	"True"	"False"	0	0	1	1	1	"mon"	"non-met"	"conc"	"False"			
"neg/pos"	"neighbors-200"	"wikipedia_sgns_model"	"not_certain"	0.4572485956	-0	"True"	-0	"sweet"	"sweet"	47334	"True"	"True"	"False"	5	0	16	0.1111111111	0.2261904762	"homonyms_only_different_pos"	"met non-met"	"abs-conc-n"	"False"	463	570	
"neg/pos"	"neighbors-200"	"wikipedia_sgns_model"	"not_certain"	0.4576191575	-0	"True"	-0	"laurifolia"	"laurifolia"	111	"False"	"False"	"True"	0	0	0	"None"				-0	"False"			
"neg/pos"	"neighbors-200"	"wikipedia_sgns_model"	"not_certain"	0.4576325331	-0	"True"	-0	"salicina"	"salicina"	114	"False"	"False"	"True"	0	0	0	"None"				-0	"False"			
"neg/pos"	"neighbors-200"	"wikipedia_sgns_model"	"not_certain"	0.4577182254	-0	"True"	-0	"mangifera"	"mangifera"	235	"True"	"True"	"True"	0	0	1	1	1			"abs"	"True"			
"neg/pos"	"neighbors-200"	"wikipedia_sgns_model"	"not_certain"	0.4577464197	-0	"True"	-0	"cowpeas"	"cowpeas"	131	"True"	"True"	"True"	0	0	3	0.1904761905	0.2461007591			"conc"	"True"			
"neg/pos"	"neighbors-200"	"wikipedia_sgns_model"	"not_certain"	0.4578978812	-0	"True"	-0	"jackfruit"	"jackfruit"	457	"True"	"True"	"True"	1	0	2	0.3333333333	0.3333333333			"conc"	"True"			
"neg/pos"	"neighbors-200"	"wikipedia_sgns_model"	"not_certain"	0.4582791058	-0	"True"	-0	"buttercream"	"buttercream"	126	"False"	"False"	"True"	0	0	0	"None"				-0	"False"			
"neg/pos"	"neighbors-200"	"wikipedia_sgns_model"	"not_certain"	0.4585653548	-0	"True"	-0	"macaranga"	"macaranga"	113	"False"	"False"	"True"	0	0	0	"None"				-0	"False"			
"neg/pos"	"neighbors-200"	"wikipedia_sgns_model"	"not_certain"	0.4587398863	-0	"True"	-0	"bottlebrush"	"bottlebrush"	169	"True"	"True"	"False"	0	0	1	1	1			"conc"	"False"			
"neg/pos"	"neighbors-200"	"wikipedia_sgns_model"	"not_certain"	0.4589424925	-0	"True"	-0	"blackcurrant"	"blackcurrant"	284	"False"	"False"	"True"	0	0	0	"None"		"poly"		-0	"False"			
"neg"	"is_green"	"cslb mcrae"	"not_certain"	0.4589611361	-0	"True"	"neg-is_green-all"	"avocado"	"avocado"	1305	"True"	"True"	"True"	2	0	3	0.3333333333	0.3333333333	"mon"		"conc"	"True"			
"neg"	"is_red"	"cslb veale_simile"	"not_certain"	0.4590338832	-0	"True"	-0	"raspberry"	"raspberry"	3078	"True"	"True"	"True"	2	0	3	0.1052631579	0.1878654971	"poly"		"abs-conc"	"True"	594	513	
"neg"	"is_red black"	"conceptnet veale_simile"	"not_certain"	0.4591518434	-0	"True"	-0	"pepper"	"pepper"	14198	"True"	"True"	"True"	2	0	6	0.2	0.3015151515	"homonyms_only_different_pos"		"conc"	"True"	591	554	269
"neg"	"green"	"conceptnet"	"not_certain"	0.4602432127	-0	"True"	-0	"salad"	"salad"	4621	"True"	"True"	"True"	0	0	1	1	1	"poly"	"non-met"	"conc"	"True"	595	554	342
"neg/pos"	"neighbors-200"	"wikipedia_sgns_model"	"not_certain"	0.4602684877	-0	"True"	-0	"huckleberries"	"huckleberry"	103	"True"	"True"	"True"	2	0	3	0.3333333333	0.5169082126	"mon"		"conc"	"True"			
"neg"	"is_green"	"cslb"	"not_certain"	0.460291463	-0	"True"	-0	"bean"	"bean"	12162	"True"	"True"	"True"	2	0	5	0.2	0.230976431	"poly"	"met non-met"	"conc"	"True"	604	549	
"neg/pos"	"neighbors-200"	"wikipedia_sgns_model"	"not_certain"	0.4604531381	-0	"True"	-0	"cereal"	"cereal"	5197	"True"	"True"	"True"	2	0	4	0.2105263158	0.2832080201	"poly"		"conc"	"True"	637	543	
"neg/pos"	"neighbors-200"	"wikipedia_sgns_model"	"not_certain"	0.4605578573	-0	"True"	-0	"pistachio"	"pistachio"	469	"True"	"True"	"True"	2	0	2	0.3076923077	0.3076923077	"poly"		"conc"	"True"			
"neg/pos"	"neighbors-200"	"wikipedia_sgns_model"	"not_certain"	0.4606151243	-0	"True"	-0	"biflora"	"biflora"	118	"False"	"False"	"True"	0	0	0	"None"				-0	"False"			
"neg/pos"	"neighbors-200"	"wikipedia_sgns_model"	"not_certain"	0.4606374648	-0	"True"	-0	"actinidia"	"actinidia"	110	"True"	"True"	"True"	0	0	1	1	1			"abs"	"True"			
"neg/pos"	"neighbors-200"	"wikipedia_sgns_model"	"not_certain"	0.4609422932	-0	"True"	-0	"monocotyledonous"	"monocotyledonous"	125	"True"	"False"	"False"	0	0	1	1	1			-0	"False"			
"neg/pos"	"neighbors-200"	"wikipedia_sgns_model"	"not_certain"	0.4611275908	-0	"True"	-0	"seedpods"	"seedpod"	114	"True"	"True"	"True"	0	0	1	1	1			"conc"	"True"			
"neg/pos"	"neighbors-200"	"wikipedia_sgns_model"	"not_certain"	0.4613690764	-0	"True"	-0	"palaquium"	"palaquium"	149	"True"	"True"	"True"	0	0	1	1	1			"abs"	"True"			
"neg/pos"	"neighbors-200"	"wikipedia_sgns_model"	"not_certain"	0.4613734061	-0	"True"	-0	"madhuca"	"madhuca"	188	"False"	"False"	"True"	0	0	0	"None"				-0	"False"			
"neg/pos"	"neighbors-200"	"wikipedia_sgns_model"	"not_certain"	0.4613905226	-0	"True"	-0	"lemongrass"	"lemongrass"	199	"True"	"True"	"True"	0	0	2	0.1904761905	0.1904761905			"abs-conc"	"True"			
"neg/pos"	"neighbors-200"	"wikipedia_sgns_model"	"not_certain"	0.4616077876	-0	"True"	-0	"peucedanum"	"peucedanum"	102	"False"	"False"	"True"	0	0	0	"None"				-0	"False"			
"neg/pos"	"neighbors-200"	"wikipedia_sgns_model"	"not_certain"	0.4616207587	-0	"True"	-0	"cryptocarya"	"cryptocarya"	145	"False"	"False"	"True"	0	0	0	"None"				-0	"False"			
"neg/pos"	"neighbors-200"	"wikipedia_sgns_model"	"not_certain"	0.4616803164	-0	"True"	-0	"cultivars"	"cultivar"	5212	"True"	"True"	"True"	0	0	1	0.8888888889	0.8888888889			"abs"	"True"			
"neg/pos"	"neighbors-200"	"wikipedia_sgns_model"	"not_certain"	0.4616914009	-0	"True"	-0	"mangoes"	"mango"	1104	"True"	"True"	"True"	2	0	2	0.3333333333	0.3333333333	"poly"		"conc"	"True"			
"neg/pos"	"neighbors-200"	"wikipedia_sgns_model"	"not_certain"	0.4618052092	-0	"True"	-0	"cactus"	"cactus"	5824	"True"	"True"	"True"	0	0	1	1	1	"mon"		"conc"	"True"		400	
"neg/pos"	"neighbors-200"	"wikipedia_sgns_model"	"not_certain"	0.4619008646	-0	"True"	-0	"papaya"	"papaya"	1259	"True"	"True"	"True"	1	0	2	0.3333333333	0.3333333333	"poly"		"conc"	"True"			
"neg/pos"	"neighbors-200"	"wikipedia_sgns_model"	"not_certain"	0.4624387499	-0	"True"	-0	"liatris"	"liatris"	130	"True"	"True"	"True"	0	0	1	1	1			"abs"	"True"			
"neg/pos"	"neighbors-200"	"wikipedia_sgns_model"	"not_certain"	0.4625186314	-0	"True"	-0	"sterculia"	"sterculia"	154	"True"	"True"	"True"	0	0	1	1	1			"conc"	"True"			
"neg/pos"	"neighbors-200"	"wikipedia_sgns_model"	"not_certain"	0.4625247403	-0	"True"	-0	"soapberry"	"soapberry"	102	"True"	"True"	"True"	0	0	1	1	1			"conc"	"True"			
"neg/pos"	"neighbors-200"	"wikipedia_sgns_model"	"not_certain"	0.4625386495	-0	"True"	-0	"acianthera"	"acianthera"	101	"False"	"False"	"True"	0	0	0	"None"				-0	"False"			
"neg/pos"	"neighbors-200"	"wikipedia_sgns_model"	"not_certain"	0.4626039701	-0	"True"	-0	"crassifolia"	"crassifolia"	128	"False"	"False"	"False"	0	0	0	"None"				-0	"False"			
"neg/pos"	"neighbors-200"	"wikipedia_sgns_model"	"not_certain"	0.4626833069	-0	"True"	-0	"pigweed"	"pigweed"	106	"True"	"True"	"True"	2	0	3	0.2	0.4060606061			"conc"	"True"			
"neg/pos"	"neighbors-200"	"wikipedia_sgns_model"	"not_certain"	0.4631226009	-0	"True"	-0	"shiitake"	"shiitake"	194	"True"	"True"	"True"	0	0	1	1	1			"conc"	"True"			
"neg/pos"	"neighbors-200"	"wikipedia_sgns_model"	"not_certain"	0.4632691598	-0	"True"	-0	"gooseberries"	"gooseberry"	154	"True"	"True"	"True"	2	0	2	0.3333333333	0.3333333333	"poly"		"conc"	"True"			
"neg/pos"	"neighbors-200"	"wikipedia_sgns_model"	"not_certain"	0.463405237	-0	"True"	-0	"teucrium"	"teucrium"	122	"True"	"True"	"True"	0	0	1	1	1			"abs"	"True"			
"neg/pos"	"neighbors-200"	"wikipedia_sgns_model"	"not_certain"	0.4635623198	-0	"True"	-0	"fragrant"	"fragrant"	2441	"True"	"False"	"False"	0	0	1	1	1	"mon"		-0	"False"			
"neg/pos"	"neighbors-200"	"wikipedia_sgns_model"	"not_certain"	0.4635837331	-0	"True"	-0	"drupes"	"drupe"	298	"True"	"True"	"True"	0	0	1	1	1	"mon"		"conc"	"True"			
"neg/pos"	"neighbors-200"	"wikipedia_sgns_model"	"not_certain"	0.4639189991	-0	"True"	-0	"raspberries"	"raspberry"	749	"True"	"True"	"True"	2	0	3	0.1052631579	0.1878654971	"poly"		"abs-conc"	"True"			
"neg/pos"	"neighbors-200"	"wikipedia_sgns_model"	"not_certain"	0.463962543	-0	"True"	-0	"platanthera"	"platanthera"	165	"True"	"True"	"True"	0	0	1	1	1			"abs"	"True"			
"neg/pos"	"neighbors-200"	"wikipedia_sgns_model"	"not_certain"	0.4639658485	-0	"True"	-0	"vanilla"	"vanilla"	4623	"True"	"True"	"True"	3	0	5	0.0833333333	0.1217171717	"poly"		"abs-conc"	"True"			
"neg/pos"	"neighbors-200"	"wikipedia_sgns_model"	"not_certain"	0.4640024409	-0	"True"	-0	"adansonia"	"adansonia"	125	"True"	"True"	"True"	0	0	1	1	1			"abs"	"True"			
"pos"	"yellow"	"conceptnet"	"not_certain"	0.4640138403	-0	"True"	-0	"orchids"	"orchid"	3940	"True"	"True"	"True"	0	0	1	1	1	"poly"		"conc"	"True"			
"neg/pos"	"neighbors-200"	"wikipedia_sgns_model"	"not_certain"	0.4640310333	-0	"True"	-0	"crassula"	"crassula"	125	"True"	"True"	"True"	0	0	1	1	1			"abs"	"True"			
"pos"	"is_yellow is_red"	"cslb"	"not_certain"	0.4646717369	-0	"True"	-0	"nectarine"	"nectarine"	101	"True"	"True"	"True"	1	0	2	0.3333333333	0.3333333333	"mon"		"conc"	"True"			
"neg/pos"	"neighbors-200"	"wikipedia_sgns_model"	"not_certain"	0.4650690702	-0	"True"	-0	"parryi"	"parryi"	156	"False"	"False"	"False"	0	0	0	"None"				-0	"False"			
"neg/pos"	"neighbors-200"	"wikipedia_sgns_model"	"not_certain"	0.4654303092	-0	"True"	-0	"peanuts"	"peanut"	4471	"True"	"True"	"True"	3	0	5	0.3333333333	0.4578627894	"poly"		"conc"	"True"			
"neg/pos"	"neighbors-200"	"wikipedia_sgns_model"	"not_certain"	0.4664315072	-0	"True"	-0	"colocasia"	"colocasia"	121	"True"	"True"	"True"	0	0	1	1	1			"abs"	"True"			
"neg"	"is_red"	"veale_simile"	"not_certain"	0.4665144473	-0	"True"	-0	"pomegranate"	"pomegranate"	1373	"True"	"True"	"True"	2	0	2	0.3333333333	0.3333333333	"poly"		"conc"	"True"			
"neg/pos"	"neighbors-200"	"wikipedia_sgns_model"	"not_certain"	0.4665387184	-0	"True"	-0	"umbellifers"	"umbellifer"	101	"True"	"True"	"True"	0	0	1	1	1			"conc"	"True"			
"neg/pos"	"neighbors-200"	"wikipedia_sgns_model"	"not_certain"	0.4674728063	-0	"True"	-0	"candy"	"candy"	16606	"True"	"True"	"True"	0	0	2	"None"		"homonyms_only_different_pos"		"conc"	"True"	602	559	
"neg/pos"	"neighbors-200"	"wikipedia_sgns_model"	"not_certain"	0.4674959566	-0	"True"	-0	"serviceberry"	"serviceberry"	133	"True"	"True"	"True"	1	0	2	0.347826087	0.347826087			"conc"	"True"			
"neg/pos"	"neighbors-200"	"wikipedia_sgns_model"	"not_certain"	0.4675725148	-0	"True"	-0	"helenium"	"helenium"	110	"True"	"True"	"True"	0	0	1	1	1			"abs"	"True"			
"neg/pos"	"neighbors-200"	"wikipedia_sgns_model"	"not_certain"	0.467616517	-0	"True"	-0	"pecans"	"pecan"	275	"True"	"True"	"True"	1	0	3	0.1904761905	0.2295482295	"poly"		"abs-conc"	"True"			
"neg/pos"	"neighbors-200"	"wikipedia_sgns_model"	"not_certain"	0.4676779848	-0	"True"	-0	"homoeosoma"	"homoeosoma"	187	"False"	"False"	"True"	0	0	0	"None"				-0	"False"			
"neg/pos"	"neighbors-200"	"wikipedia_sgns_model"	"not_certain"	0.4678950014	-0	"True"	-0	"cherries"	"cherry"	1959	"True"	"True"	"True"	3	0	5	0.0909090909	0.2215979826	"homonyms_only_different_pos"		"abs-conc"	"True"			
"neg/pos"	"neighbors-200"	"wikipedia_sgns_model"	"not_certain"	0.4680232931	-0	"True"	-0	"toadflax"	"toadflax"	103	"True"	"True"	"True"	0	0	1	1	1			"conc"	"True"			
"neg/pos"	"neighbors-200"	"wikipedia_sgns_model"	"not_certain"	0.4682382683	-0	"True"	-0	"peperomia"	"peperomia"	183	"True"	"True"	"False"	0	0	1	1	1			"conc"	"False"			
"neg/pos"	"neighbors-200"	"wikipedia_sgns_model"	"not_certain"	0.4683814871	-0	"True"	-0	"leafroller"	"leafroller"	124	"False"	"False"	"True"	0	0	0	"None"				-0	"False"			
"neg/pos"	"neighbors-200"	"wikipedia_sgns_model"	"not_certain"	0.4695208907	-0	"True"	-0	"pawpaw"	"pawpaw"	271	"True"	"True"	"True"	1	0	3	0.32	0.5140740741	"mon"		"conc"	"True"			
"neg/pos"	"neighbors-200"	"wikipedia_sgns_model"	"not_certain"	0.4695392576	-0	"True"	-0	"hexachaeta"	"hexachaeta"	101	"False"	"False"	"False"	0	0	0	"None"				-0	"False"			
"neg/pos"	"neighbors-200"	"wikipedia_sgns_model"	"not_certain"	0.4695985668	-0	"True"	-0	"pratense"	"pratense"	141	"False"	"False"	"True"	0	0	0	"None"				-0	"False"			
"neg/pos"	"neighbors-200"	"wikipedia_sgns_model"	"not_certain"	0.4697774225	-0	"True"	-0	"mamey"	"mamey"	115	"True"	"True"	"True"	1	0	2	0.3333333333	0.3333333333			"conc"	"True"			
"neg/pos"	"neighbors-200"	"wikipedia_sgns_model"	"not_certain"	0.4705999563	-0	"True"	-0	"custard"	"custard"	1600	"True"	"True"	"True"	0	0	1	1	1	"poly"		"conc"	"True"	549	460	
"neg/pos"	"neighbors-200"	"wikipedia_sgns_model"	"not_certain"	0.4706343672	-0	"True"	-0	"scoparium"	"scoparium"	117	"False"	"False"	"True"	0	0	0	"None"				-0	"False"			
"neg/pos"	"neighbors-200"	"wikipedia_sgns_model"	"not_certain"	0.4706596289	-0	"True"	-0	"walnuts"	"walnut"	1085	"True"	"True"	"True"	2	0	3	0.1904761905	0.2295482295	"poly"		"abs-conc"	"True"			
"neg/pos"	"neighbors-200"	"wikipedia_sgns_model"	"not_certain"	0.4709329144	-0	"True"	-0	"meadowsweet"	"meadowsweet"	157	"False"	"False"	"True"	0	0	0	"None"		"mon"		-0	"False"			
"neg/pos"	"neighbors-200"	"wikipedia_sgns_model"	"not_certain"	0.470954189	-0	"True"	-0	"arachis"	"arachis"	107	"True"	"True"	"False"	0	0	1	1	1			"abs"	"False"			
"neg/pos"	"neighbors-200"	"wikipedia_sgns_model"	"not_certain"	0.471030652	-0	"True"	-0	"quesadillas"	"quesadilla"	124	"True"	"True"	"True"	0	0	1	1	1			"conc"	"True"			
"neg/pos"	"neighbors-200"	"wikipedia_sgns_model"	"not_certain"	0.4712202277	-0	"True"	-0	"cryptantha"	"cryptantha"	128	"False"	"False"	"True"	0	0	0	"None"				-0	"False"			
"neg"	"is_green"	"cslb"	"not_certain"	0.4719019934	-0	"True"	-0	"pear"	"pear"	4366	"True"	"True"	"True"	2	0	2	0.3333333333	0.3333333333	"mon"	"non-met"	"conc"	"True"	634	567	
"neg/pos"	"neighbors-200"	"wikipedia_sgns_model"	"not_certain"	0.4719333907	-0	"True"	-0	"oranges"	"orange"	3774	"True"	"True"	"True"	2	0	6	0.0909090909	0.2126778124	"homonyms_only_different_pos"	"non-met"	"abs-conc-n"	"True"			
"neg"	"is_green"	"cslb"	"not_certain"	0.4721627571	-0	"True"	-0	"spinach"	"spinach"	1607	"True"	"True"	"True"	1	0	2	0.2	0.2	"mon"		"conc"	"True"	589	452	
"neg/pos"	"neighbors-200"	"wikipedia_sgns_model"	"not_certain"	0.4723108301	-0	"True"	-0	"diplacus"	"diplacus"	103	"False"	"False"	"True"	0	0	0	"None"				-0	"False"			
"neg/pos"	"neighbors-200"	"wikipedia_sgns_model"	"not_certain"	0.4725174121	-0	"True"	-0	"passionfruit"	"passionfruit"	154	"False"	"False"	"True"	0	0	0	"None"				-0	"False"			
"neg/pos"	"neighbors-200"	"wikipedia_sgns_model"	"not_certain"	0.4727965194	-0	"True"	-0	"tagetes"	"tagetes"	157	"False"	"False"	"True"	0	0	0	"None"				-0	"False"			
"neg/pos"	"neighbors-200"	"wikipedia_sgns_model"	"not_certain"	0.47291409	-0	"True"	-0	"chocolate"	"chocolate"	19564	"True"	"True"	"True"	1	0	3	0.1333333333	0.2723646724	"homonyms_only_different_pos"	"non-met"	"abs-conc"	"True"	576	560	
"neg/pos"	"neighbors-200"	"wikipedia_sgns_model"	"not_certain"	0.4729869114	-0	"True"	-0	"meconopsis"	"meconopsis"	108	"True"	"True"	"True"	0	0	1	1	1			"abs"	"True"			
"neg/pos"	"neighbors-200"	"wikipedia_sgns_model"	"not_certain"	0.4742967562	-0	"True"	-0	"apricots"	"apricot"	689	"True"	"True"	"True"	1	0	3	0.0909090909	0.1806298277	"poly"		"abs-conc"	"True"			
"neg/pos"	"neighbors-200"	"wikipedia_sgns_model"	"not_certain"	0.4743927942	-0	"True"	-0	"barley"	"barley"	7742	"True"	"True"	"True"	1	0	2	0.1904761905	0.1904761905	"mon"		"conc"	"True"			
"neg/pos"	"neighbors-200"	"wikipedia_sgns_model"	"not_certain"	0.4751494131	-0	"True"	-0	"loquat"	"loquat"	150	"True"	"True"	"True"	2	0	2	0.3333333333	0.3333333333	"poly"		"conc"	"True"			
"neg/pos"	"neighbors-200"	"wikipedia_sgns_model"	"not_certain"	0.475182571	-0	"True"	-0	"gochujang"	"gochujang"	128	"False"	"False"	"True"	0	0	0	"None"				-0	"False"			
"neg/pos"	"neighbors-200"	"wikipedia_sgns_model"	"not_certain"	0.4753267511	-0	"True"	-0	"miniata"	"miniata"	117	"False"	"False"	"True"	0	0	0	"None"				-0	"False"			
"neg/pos"	"neighbors-200"	"wikipedia_sgns_model"	"not_certain"	0.4753568848	-0	"True"	-0	"ageratina"	"ageratina"	105	"True"	"True"	"True"	0	0	1	1	1			"abs"	"True"			
"pos"	"yellow"	"conceptnet"	"not_certain"	0.4756373343	-0	"True"	-0	"mustard"	"mustard"	5728	"True"	"True"	"True"	1	0	3	0.1904761905	0.2354218881	"poly"	"non-met"	"conc"	"True"	595	532	
"neg/pos"	"neighbors-200"	"wikipedia_sgns_model"	"not_certain"	0.4756928492	-0	"True"	-0	"guava"	"guava"	947	"True"	"True"	"True"	2	0	3	0.3333333333	0.5299145299	"poly"		"conc"	"True"			
"neg/pos"	"neighbors-200"	"wikipedia_sgns_model"	"not_certain"	0.47616199	-0	"True"	-0	"galangal"	"galangal"	164	"True"	"True"	"True"	1	0	2	0.6956521739	0.6956521739			"conc"	"True"			
"neg/pos"	"neighbors-200"	"wikipedia_sgns_model"	"not_certain"	0.4764668531	-0	"True"	-0	"scabious"	"scabious"	142	"True"	"True"	"False"	0	0	1	1	1	"mon"	"non-met"	"conc"	"False"			
"neg/pos"	"neighbors-200"	"wikipedia_sgns_model"	"not_certain"	0.4766452214	-0	"True"	-0	"blossoms"	"blossom"	2883	"True"	"True"	"True"	2	0	4	0.1333333333	0.4833333333	"homonyms_only_different_pos"		"abs-conc"	"True"			
"neg/pos"	"neighbors-200"	"wikipedia_sgns_model"	"not_certain"	0.4768634386	-0	"True"	-0	"lavandula"	"lavandula"	118	"True"	"True"	"True"	0	0	1	1	1			"abs"	"True"			
"neg"	"red green"	"conceptnet"	"not_certain"	0.4772326039	-0	"True"	-0	"grapes"	"grape"	11643	"True"	"True"	"True"	1	0	3	0.347826087	0.3641382772	"poly"		"conc"	"True"			
"neg/pos"	"neighbors-200"	"wikipedia_sgns_model"	"not_certain"	0.4772567071	-0	"True"	-0	"blepharomastix"	"blepharomastix"	171	"False"	"False"	"False"	0	0	0	"None"				-0	"False"			
"neg/pos"	"neighbors-200"	"wikipedia_sgns_model"	"not_certain"	0.4777890339	-0	"True"	-0	"drummondii"	"drummondii"	139	"False"	"False"	"False"	0	0	0	"None"				-0	"False"			
"neg/pos"	"neighbors-200"	"wikipedia_sgns_model"	"not_certain"	0.4778863554	-0	"True"	-0	"plumeria"	"plumeria"	148	"True"	"True"	"True"	0	0	1	1	1			"abs"	"True"			
"neg/pos"	"neighbors-200"	"wikipedia_sgns_model"	"not_certain"	0.4779109959	-0	"True"	-0	"barringtonia"	"barringtonia"	108	"False"	"False"	"True"	0	0	0	"None"				-0	"False"			
"neg/pos"	"neighbors-200"	"wikipedia_sgns_model"	"not_certain"	0.4779931767	-0	"True"	-0	"milkwort"	"milkwort"	123	"True"	"True"	"True"	0	0	1	1	1			"conc"	"True"			
"pos"	"yellow"	"conceptnet"	"not_certain"	0.478074925	-0	"True"	-0	"sunflowers"	"sunflower"	786	"True"	"True"	"True"	0	0	1	1	1	"mon"	"non-met"	"conc"	"True"			
"neg/pos"	"neighbors-200"	"wikipedia_sgns_model"	"not_certain"	0.4790724721	-0	"True"	-0	"cucurbits"	"cucurbit"	122	"True"	"True"	"True"	0	0	1	1	1			"abs"	"True"			
"neg/pos"	"neighbors-200"	"wikipedia_sgns_model"	"not_certain"	0.4791987526	-0	"True"	-0	"melons"	"melon"	871	"True"	"True"	"True"	1	0	2	0.3636363636	0.3636363636	"poly"		"conc"	"True"			
"neg/pos"	"neighbors-200"	"wikipedia_sgns_model"	"not_certain"	0.4794849057	-0	"True"	-0	"carrots"	"carrot"	2038	"True"	"True"	"True"	2	0	4	0.0952380952	0.1915065441	"poly"	"non-met"	"abs-conc"	"True"			
"neg/pos"	"neighbors-200"	"wikipedia_sgns_model"	"not_certain"	0.480478759	-0	"True"	-0	"citrus"	"citrus"	8613	"True"	"True"	"True"	1	0	2	0.3333333333	0.3333333333	"homonyms_only_different_pos"	"non-met"	"conc"	"True"			
"pos"	"is_green is_yellow"	"cslb"	"not_certain"	0.4806569757	-0	"True"	-0	"mango"	"mango"	5074	"True"	"True"	"True"	2	0	2	0.3333333333	0.3333333333	"poly"		"conc"	"True"			
"neg/pos"	"neighbors-200"	"wikipedia_sgns_model"	"not_certain"	0.4812007882	-0	"True"	-0	"syrup"	"syrup"	4860	"True"	"True"	"True"	0	0	1	1	1	"poly"		"conc"	"True"			
"neg/pos"	"neighbors-200"	"wikipedia_sgns_model"	"not_certain"	0.4822285687	-0	"True"	-0	"carrot"	"carrot"	2821	"True"	"True"	"True"	2	0	4	0.0952380952	0.1915065441	"poly"	"non-met"	"abs-conc"	"True"	622	539	
"neg/pos"	"neighbors-200"	"wikipedia_sgns_model"	"not_certain"	0.4823432768	-0	"True"	-0	"photinia"	"photinia"	119	"True"	"True"	"True"	0	0	1	1	1			"abs"	"True"			
"neg"	"is_red"	"cslb"	"not_certain"	0.4827395066	-0	"True"	-0	"onion"	"onion"	6518	"True"	"True"	"True"	1	0	3	0.2	0.261952862	"poly"		"conc"	"True"	632	550	286
"pos"	"is_yellow is_red"	"cslb"	"not_certain"	0.4828016425	-0	"True"	-0	"grapefruit"	"grapefruit"	1273	"True"	"True"	"True"	1	0	2	0.3076923077	0.3076923077	"mon"		"conc"	"True"			
"pos"	"is_yellow"	"cslb"	"not_certain"	0.4838159682	-0	"True"	-0	"peach"	"peach"	6726	"True"	"True"	"True"	2	0	5	0.0909090909	0.2615968324	"homonyms_only_different_pos"		"abs-conc"	"True"	617	536	292
"neg/pos"	"neighbors-200"	"wikipedia_sgns_model"	"not_certain"	0.4839641022	-0	"True"	-0	"gentianaceae"	"gentianaceae"	111	"True"	"True"	"False"	0	0	1	1	1			"abs"	"False"			
"pos"	"is_yellow"	"cslb"	"not_certain"	0.4840082381	-0	"True"	-0	"corn"	"corn"	25435	"True"	"True"	"True"	3	0	9	0.0869565217	0.217582004	"homonyms_also_same_pos"	"non-met"	"abs-conc"	"True"	576	548	
"neg"	"green"	"conceptnet"	"not_certain"	0.4842846903	-0	"True"	-0	"onions"	"onion"	4692	"True"	"True"	"True"	1	0	3	0.2	0.261952862	"poly"		"conc"	"True"			
"neg/pos"	"neighbors-200"	"wikipedia_sgns_model"	"not_certain"	0.4849294627	-0	"True"	-0	"gentianella"	"gentianella"	130	"True"	"True"	"True"	0	0	2	0.0952380952	0.0952380952			"abs-conc"	"True"			
"neg/pos"	"neighbors-200"	"wikipedia_sgns_model"	"not_certain"	0.4851638739	-0	"True"	-0	"evergestis"	"evergestis"	165	"False"	"False"	"False"	0	0	0	"None"				-0	"False"			
"neg/pos"	"neighbors-200"	"wikipedia_sgns_model"	"not_certain"	0.4855480464	-0	"True"	-0	"peaches"	"peach"	3166	"True"	"True"	"True"	2	0	5	0.0909090909	0.2615968324	"homonyms_only_different_pos"		"abs-conc"	"True"			
"neg/pos"	"neighbors-200"	"wikipedia_sgns_model"	"not_certain"	0.486270981	-0	"True"	-0	"tanacetum"	"tanacetum"	100	"True"	"True"	"True"	0	0	1	1	1			"abs"	"True"			
"neg/pos"	"neighbors-200"	"wikipedia_sgns_model"	"not_certain"	0.4866984626	-0	"True"	-0	"sativum"	"sativum"	140	"False"	"False"	"True"	0	0	0	"None"				-0	"False"			
"pos"	"is_yellow"	"cslb"	"not_certain"	0.4869788858	-0	"True"	-0	"plum"	"plum"	5994	"True"	"True"	"False"	3	0	5	0.0909090909	0.1806298277	"poly"		"abs-conc"	"False"	632	547	
"neg/pos"	"neighbors-200"	"wikipedia_sgns_model"	"not_certain"	0.4874966086	-0	"True"	-0	"orthotylus"	"orthotylus"	120	"False"	"False"	"False"	0	0	0	"None"				-0	"False"			
"neg/pos"	"neighbors-200"	"wikipedia_sgns_model"	"not_certain"	0.488104273	-0	"True"	-0	"endoxyla"	"endoxyla"	128	"False"	"False"	"True"	0	0	0	"None"				-0	"False"			
"neg/pos"	"neighbors-200"	"wikipedia_sgns_model"	"not_certain"	0.4883729027	-0	"True"	-0	"dogwoods"	"dogwood"	124	"True"	"True"	"True"	1	0	2	0.2	0.2	"mon"		"abs-conc"	"True"			
"neg/pos"	"neighbors-200"	"wikipedia_sgns_model"	"not_certain"	0.4884214711	-0	"True"	-0	"cercocarpus"	"cercocarpus"	101	"False"	"False"	"True"	0	0	0	"None"				-0	"False"			
"pos"	"is_yellow"	"cslb veale_simile"	"not_certain"	0.4884309907	-0	"True"	-0	"dandelion"	"dandelion"	1318	"True"	"True"	"True"	0	0	1	1	1	"mon"		"conc"	"True"	558	513	
"pos"	"red is_green is_yellow green is_red"	"cslb conceptnet mcrae veale_simile"	"not_certain"	0.4884679418	-0	"True"	"pos-is_red-some"	"apple"	"apple"	48472	"True"	"True"	"True"	1	0	2	0.32	0.32	"poly"	"non-met"	"conc"	"True"	620	598	211
"neg/pos"	"neighbors-200"	"wikipedia_sgns_model"	"not_certain"	0.488710727	-0	"True"	-0	"dogbane"	"dogbane"	195	"True"	"True"	"True"	0	0	1	1	1			"conc"	"True"			
"neg/pos"	"neighbors-200"	"wikipedia_sgns_model"	"not_certain"	0.4897067795	-0	"True"	-0	"glochidion"	"glochidion"	127	"False"	"False"	"True"	0	0	0	"None"				-0	"False"			
"neg/pos"	"neighbors-200"	"wikipedia_sgns_model"	"not_certain"	0.4897785613	-0	"True"	-0	"rhagoletis"	"rhagoletis"	235	"True"	"True"	"True"	0	0	1	1	1			"abs"	"True"			
"neg"	"is_green"	"cslb"	"not_certain"	0.4908409848	-0	"True"	-0	"lettuce"	"lettuce"	2192	"True"	"True"	"True"	1	0	3	0.1111111111	0.1407407407	"poly"		"abs-conc"	"True"	579	565	
"neg/pos"	"neighbors-200"	"wikipedia_sgns_model"	"not_certain"	0.491379849	-0	"True"	-0	"plums"	"plum"	1199	"True"	"True"	"True"	3	0	5	0.0909090909	0.1806298277	"poly"		"abs-conc"	"True"			
"neg/pos"	"neighbors-200"	"wikipedia_sgns_model"	"not_certain"	0.4917738444	-0	"True"	-0	"stanhopea"	"stanhopea"	105	"True"	"True"	"False"	0	0	1	1	1			"conc"	"False"			
"neg/pos"	"neighbors-200"	"wikipedia_sgns_model"	"not_certain"	0.4921149223	-0	"True"	-0	"allspice"	"allspice"	232	"True"	"True"	"True"	2	0	3	0.1739130435	0.371463078	"mon"		"conc"	"True"			
"neg/pos"	"neighbors-200"	"wikipedia_sgns_model"	"not_certain"	0.4935080803	-0	"True"	-0	"edible"	"edible"	7908	"True"	"True"	"False"	0	0	2	"None"		"mon"		"conc"	"False"			
"neg/pos"	"neighbors-200"	"wikipedia_sgns_model"	"not_certain"	0.4937204718	-0	"True"	-0	"vegetable"	"vegetable"	11793	"True"	"True"	"True"	1	0	2	0.2352941176	0.2352941176	"homonyms_only_different_pos"	"non-met"	"conc"	"True"	602	591	269
"neg/pos"	"neighbors-200"	"wikipedia_sgns_model"	"not_certain"	0.4948160688	-0	"True"	-0	"acrolepiidae"	"acrolepiidae"	113	"False"	"False"	"True"	0	0	0	"None"				-0	"False"			
"neg/pos"	"neighbors-200"	"wikipedia_sgns_model"	"not_certain"	0.4948601828	-0	"True"	-0	"juice"	"juice"	12735	"True"	"True"	"True"	1	0	4	0.1111111111	0.2333294429	"homonyms_only_different_pos"	"non-met"	"abs-conc"	"True"	599	567	250
"neg/pos"	"neighbors-200"	"wikipedia_sgns_model"	"not_certain"	0.4949826664	-0	"True"	-0	"pandemis"	"pandemis"	137	"False"	"False"	"True"	0	0	0	"None"				-0	"False"			
"neg/pos"	"neighbors-200"	"wikipedia_sgns_model"	"not_certain"	0.4949852389	-0	"True"	-0	"persicaria"	"persicaria"	132	"False"	"False"	"False"	0	0	0	"None"				-0	"False"			
"neg/pos"	"neighbors-200"	"wikipedia_sgns_model"	"not_certain"	0.4952694164	-0	"True"	-0	"lewisia"	"lewisia"	101	"True"	"True"	"True"	0	0	1	1	1			"abs"	"True"			
"neg/pos"	"neighbors-200"	"wikipedia_sgns_model"	"not_certain"	0.4956178574	-0	"True"	-0	"cream"	"cream"	29383	"True"	"True"	"True"	6	7	8	0.125	0.2326007326	"homonyms_only_different_pos"	"non-met"	"abs-conc"	"True"	621	514	
"neg/pos"	"neighbors-200"	"wikipedia_sgns_model"	"not_certain"	0.4966541428	-0	"True"	-0	"calathea"	"calathea"	108	"False"	"False"	"True"	0	0	0	"None"				-0	"False"			
"neg/pos"	"neighbors-200"	"wikipedia_sgns_model"	"not_certain"	0.4969382285	-0	"True"	-0	"melilotus"	"melilotus"	100	"True"	"True"	"False"	0	0	1	1	1			"conc"	"False"			
"neg/pos"	"neighbors-200"	"wikipedia_sgns_model"	"not_certain"	0.4971828924	-0	"True"	-0	"coconut"	"coconut"	10927	"True"	"True"	"True"	2	0	3	0.2105263158	0.2509161793	"poly"		"conc"	"True"			
"neg/pos"	"neighbors-200"	"wikipedia_sgns_model"	"not_certain"	0.4982695828	-0	"True"	-0	"sapodilla"	"sapodilla"	124	"True"	"True"	"True"	1	0	2	0.3333333333	0.3333333333			"conc"	"True"			
"neg"	"is_green is_red"	"cslb"	"not_certain"	0.4994818787	-0	"True"	-0	"watermelon"	"watermelon"	1702	"True"	"True"	"True"	2	0	2	0.3333333333	0.3333333333	"mon"		"conc"	"True"			
"neg/pos"	"neighbors-200"	"wikipedia_sgns_model"	"not_certain"	0.5009736485	-0	"True"	-0	"echinocereus"	"echinocereus"	119	"True"	"True"	"True"	0	0	1	1	1			"abs"	"True"			
"neg/pos"	"neighbors-200"	"wikipedia_sgns_model"	"not_certain"	0.5010352691	-0	"True"	-0	"millefolium"	"millefolium"	107	"False"	"False"	"False"	0	0	0	"None"				-0	"False"			
"neg"	"is_green"	"cslb"	"not_certain"	0.5010442733	-0	"True"	-0	"cucumber"	"cucumber"	2071	"True"	"True"	"True"	2	0	2	0.2	0.2	"poly"		"conc"	"True"	653	536	
"pos"	"is_yellow"	"cslb"	"not_certain"	0.5010987738	-0	"True"	-0	"apricot"	"apricot"	1446	"True"	"True"	"True"	1	0	3	0.0909090909	0.1806298277	"poly"		"abs-conc"	"True"	638	428	386
"pos"	"red green yellow"	"conceptnet"	"not_certain"	0.5016352877	-0	"True"	-0	"apples"	"apple"	11956	"True"	"True"	"True"	1	0	2	0.32	0.32	"poly"	"non-met"	"conc"	"True"			
"neg/pos"	"neighbors-200"	"wikipedia_sgns_model"	"not_certain"	0.5030462269	-0	"True"	-0	"trombidium"	"trombidium"	106	"False"	"False"	"False"	0	0	0	"None"				-0	"False"			
"neg/pos"	"neighbors-200"	"wikipedia_sgns_model"	"not_certain"	0.504080002	-0	"True"	-0	"dysoxylum"	"dysoxylum"	125	"False"	"False"	"False"	0	0	0	"None"				-0	"False"			
"neg/pos"	"neighbors-200"	"wikipedia_sgns_model"	"not_certain"	0.5042411284	-0	"True"	-0	"garlic"	"garlic"	5186	"True"	"True"	"True"	1	0	2	0.1904761905	0.1904761905	"mon"	"non-met"	"conc"	"True"	636	509	
"pos"	"yellow"	"conceptnet"	"not_certain"	0.5064126111	-0	"True"	-0	"bananas"	"banana"	5137	"True"	"True"	"True"	2	0	2	0.380952381	0.380952381	"mon"		"conc"	"True"			
"neg/pos"	"neighbors-200"	"wikipedia_sgns_model"	"not_certain"	0.5073541097	-0	"True"	-0	"leucaena"	"leucaena"	112	"True"	"True"	"True"	0	0	1	1	1			"abs"	"True"			
"pos"	"is_yellow yellow"	"cslb conceptnet"	"not_certain"	0.508818111	-0	"True"	-0	"butter"	"butter"	11341	"True"	"True"	"True"	1	0	3	0.3333333333	0.3333333333	"homonyms_only_different_pos"	"non-met"	"conc"	"True"	618	615	206
"neg/pos"	"neighbors-200"	"wikipedia_sgns_model"	"not_certain"	0.509611868	-0	"True"	-0	"chives"	"chive"	293	"True"	"True"	"True"	0	0	1	1	1	"poly"		"conc"	"True"			
"neg/pos"	"neighbors-200"	"wikipedia_sgns_model"	"not_certain"	0.5109558486	-0	"True"	-0	"peanut"	"peanut"	4305	"True"	"True"	"True"	3	0	5	0.3333333333	0.4578627894	"poly"		"conc"	"True"			
"pos"	"is_green is_yellow"	"cslb"	"not_certain"	0.5114238514	-0	"True"	-0	"melon"	"melon"	2295	"True"	"True"	"True"	1	0	2	0.3636363636	0.3636363636	"poly"		"conc"	"True"		441	
"neg/pos"	"neighbors-200"	"wikipedia_sgns_model"	"not_certain"	0.5116867783	-0	"True"	-0	"ginger"	"ginger"	8122	"True"	"True"	"True"	2	0	6	0.1111111111	0.26541681	"homonyms_only_different_pos"		"abs-conc"	"True"	522	455	
"neg/pos"	"neighbors-200"	"wikipedia_sgns_model"	"not_certain"	0.511769848	-0	"True"	-0	"soursop"	"soursop"	100	"True"	"True"	"True"	1	0	2	0.3076923077	0.3076923077			"conc"	"True"			
"neg/pos"	"neighbors-200"	"wikipedia_sgns_model"	"not_certain"	0.5126941938	-0	"True"	-0	"potatoes"	"potato"	9650	"True"	"True"	"True"	1	0	2	0.2222222222	0.2222222222	"poly"	"non-met"	"conc"	"True"			
"neg/pos"	"neighbors-200"	"wikipedia_sgns_model"	"not_certain"	0.5149198904	-0	"True"	-0	"fruits"	"fruit"	23163	"True"	"True"	"True"	2	3	5	0.1111111111	0.2581699346	"homonyms_only_different_pos"	"non-met"	"abs-conc"	"True"			
"neg/pos"	"neighbors-200"	"wikipedia_sgns_model"	"not_certain"	0.5149563726	-0	"True"	-0	"calycina"	"calycina"	105	"False"	"False"	"True"	0	0	0	"None"				-0	"False"			
"neg"	"is_green is_red"	"cslb mcrae"	"not_certain"	0.5156853632	-0	"True"	"neg-is_green-most"	"cabbage"	"cabbage"	4316	"True"	"True"	"True"	1	0	4	0.1052631579	0.1409700722	"poly"		"abs-conc"	"True"	611	504	
"neg/pos"	"neighbors-200"	"wikipedia_sgns_model"	"not_certain"	0.5159033623	-0	"True"	-0	"pumpkin"	"pumpkin"	3575	"True"	"True"	"True"	2	0	2	0.2105263158	0.2105263158	"poly"		"conc"	"True"			
"pos"	"is_yellow"	"cslb veale_simile"	"not_certain"	0.5161389644	-0	"True"	-0	"sunflower"	"sunflower"	4339	"True"	"True"	"True"	0	0	1	1	1	"mon"	"non-met"	"conc"	"True"			
"neg/pos"	"neighbors-200"	"wikipedia_sgns_model"	"not_certain"	0.5165363874	-0	"True"	-0	"potato"	"potato"	11670	"True"	"True"	"True"	1	0	2	0.2222222222	0.2222222222	"poly"	"non-met"	"conc"	"True"	629	612	233
"neg/pos"	"neighbors-200"	"wikipedia_sgns_model"	"not_certain"	0.5171297374	-0	"True"	-0	"berries"	"berry"	5586	"True"	"True"	"True"	1	0	4	0.3333333333	0.5127674258	"poly"	"non-met"	"conc-n"	"True"			
"neg"	"green"	"conceptnet"	"not_certain"	0.5184068116	-0	"True"	-0	"vegetables"	"vegetable"	17635	"True"	"True"	"True"	1	0	2	0.2352941176	0.2352941176	"homonyms_only_different_pos"	"non-met"	"conc"	"True"			
"pos"	"is_green is_yellow yellow"	"cslb conceptnet mcrae veale_simile"	"not_certain"	0.5189990337	-0	"True"	"pos-is_yellow-all"	"banana"	"banana"	10769	"True"	"True"	"True"	2	0	2	0.380952381	0.380952381	"mon"		"conc"	"True"	633	576	
"neg"	"is_red"	"cslb veale_simile"	"not_certain"	0.51906787	-0	"True"	-0	"strawberry"	"strawberry"	7232	"True"	"True"	"True"	2	0	3	0.1111111111	0.1974648445	"poly"		"abs-conc"	"True"	610	539	
"neg/pos"	"neighbors-200"	"wikipedia_sgns_model"	"not_certain"	0.5204314819	-0	"True"	-0	"strawberries"	"strawberry"	1991	"True"	"True"	"True"	2	0	3	0.1111111111	0.1974648445	"poly"		"abs-conc"	"True"			
"pos"	"is_green is_yellow"	"mcrae"	"not_certain"	0.5206921049	-0	"True"	"pos-is_yellow-some"	"beans"	"bean"	12600	"True"	"True"	"True"	2	0	5	0.2	0.230976431	"poly"	"met non-met"	"conc"	"True"			
"neg/pos"	"neighbors-200"	"wikipedia_sgns_model"	"not_certain"	0.5229037594	-0	"True"	-0	"mentzelia"	"mentzelia"	105	"True"	"True"	"True"	0	0	1	1	1			"abs"	"True"			
"pos"	"yellow"	"conceptnet"	"not_certain"	0.5283943795	-0	"True"	-0	"flower"	"flower"	42308	"True"	"True"	"True"	1	5	4	0.1176470588	0.2169934641	"homonyms_only_different_pos"	"non-met"	"abs-conc"	"True"	584	566	
"neg/pos"	"neighbors-200"	"wikipedia_sgns_model"	"not_certain"	0.5290164015	-0	"True"	-0	"trichilia"	"trichilia"	108	"False"	"False"	"True"	0	0	0	"None"				-0	"False"			
"pos"	"red green blue yellow"	"conceptnet"	"not_certain"	0.5322875155	-0	"True"	-0	"flowers"	"flower"	68399	"True"	"True"	"True"	1	5	4	0.1176470588	0.2169934641	"homonyms_only_different_pos"	"non-met"	"abs-conc"	"True"			
"neg/pos"	"neighbors-200"	"wikipedia_sgns_model"	"not_certain"	0.5359898523	-0	"True"	-0	"honey"	"honey"	19774	"True"	"True"	"True"	1	0	4	0.25	0.25	"poly"	"met"	"conc"	"True"	611	533	286
"neg"	"is_green is_red"	"cslb veale_simile"	"not_certain"	0.5446143011	-0	"True"	-0	"tomato"	"tomato"	5831	"True"	"True"	"True"	2	0	2	0.2105263158	0.2105263158	"poly"	"non-met"	"conc"	"True"	662	574	
"pos"	"is_green is_yellow is_green is_yellow"	"cslb manually_included"	"certain"	0.5451002989	-0	"True"	-0	"pineapple"	"pineapple"	3462	"True"	"True"	"True"	2	0	2	0.380952381	0.380952381	"poly"		"conc"	"True"	653	489	
"pos"	"is_yellow is_yellow"	"cslb veale_simile manually_included"	"certain"	0.5526086627	-0	"True"	-0	"lemon"	"lemon"	10273	"True"	"True"	"True"	4	0	5	0.08	0.1981184777	"poly"	"non-met"	"abs-conc"	"True"	608	518	280
"neg/pos"	"neighbors-200"	"wikipedia_sgns_model"	"not_certain"	0.568871838		"True"	-0	"fruit"	"fruit"	59986	"True"	"True"	"True"	2	3	5	0.1111111111	0.2581699346	"homonyms_only_different_pos"	"non-met"	"abs-conc"	"True"	612	590	219
