,contradiction,label_proportion,majority_labels,majority_levels,pair,top_labels,top_levels
0,False,0.7,rare-unusual,few,yellow-herb,rare-unusual,few
1,False,1.0,impossible,few,lay_eggs-cow,impossible,few
2,False,1.0,afforded_usual-implied_category-typical_of_concept-typical_of_property,all,fly-owl,typical_of_concept,all
3,False,0.7,rare-variability_limited,few-some,made_of_wood-pulley,variability_limited,some
4,False,0.6,unusual-variability_open,few-some,hot-chocolate,unusual-variability_open,few-some
5,False,1.0,implied_category-variability_limited,all-some,square-photocopier,variability_limited,some
6,False,0.6,rare-unusual,few,sweet-pip,rare-unusual,few
7,False,0.7,rare-unusual,few,black-peacock,rare-unusual,few
8,False,0.8,rare-unusual-variability_limited,few-some,sweet-fry,rare-unusual,few
9,False,0.9,rare-unusual,few,made_of_wood-sword,rare-unusual,few
10,False,0.6,rare-unusual,few,black-dogbane,rare-unusual,few
11,False,0.7,creative-unusual-variability_open,creative-few-some,dangerous-flack,unusual,few
12,False,0.7,variability_limited-variability_open,some,square-hardware,variability_limited,some
13,False,0.8,impossible,few,lay_eggs-cock,impossible,few
14,False,0.9,creative-impossible,creative-few,fly-giraffe,impossible,few
15,False,0.7272727272727273,implied_category-variability_limited,all-some,square-computer,variability_limited,some
16,False,0.6363636363636364,implied_category-typical_of_concept-variability_limited-variability_open,all-some,dangerous-shaft,implied_category-variability_open,all-some
17,False,1.0,affording_activity-implied_category-typical_of_concept-typical_of_property-variability_open,all-some,hot-firebox,affording_activity,all
18,False,0.8181818181818182,impossible,few,lay_eggs-felid,impossible,few
19,False,0.8181818181818182,rare-unusual-variability_limited,few-some,black-sand,unusual,few
20,False,0.5454545454545454,rare-unusual,few,yellow-lime,rare-unusual,few
21,False,0.6363636363636364,rare-variability_limited,few-some,sweet-pod,rare,few
22,False,0.7272727272727273,variability_limited,some,made_of_wood-railing,variability_limited,some
23,False,0.9,implied_category-typical_of_concept-typical_of_property-variability_limited,all-some,yellow-bee,typical_of_concept,all
24,False,0.9,affording_activity-implied_category-typical_of_concept-typical_of_property-variability_limited-variability_open,all-some,hot-igniter,implied_category-typical_of_concept-typical_of_property-variability_open,all-some
25,False,0.8,rare-unusual-variability_limited-variability_open,few-some,square-tart,variability_open,some
26,False,0.9,implied_category-typical_of_concept-typical_of_property-variability_limited-variability_open,all-some,dangerous-conspiracy,variability_open,some
27,False,0.8,creative-impossible-unusual,creative-few,fly-damselfish,impossible,few
28,False,0.9,afforded_unusual-afforded_usual-implied_category,all,lay_eggs-trout,implied_category,all
29,False,1.0,typical_of_concept-variability_open,all-some,black-dress,variability_open,some
30,False,0.9,affording_activity-implied_category-typical_of_concept-variability_open,all-some,wheels-oxcart,affording_activity,all
31,False,1.0,creative-rare-unusual,creative-few,dangerous-bucket,unusual,few
32,False,0.8,creative-impossible-rare-unusual,creative-few,sweet-sorrel,unusual,few
33,False,1.0,affording_activity-implied_category-typical_of_concept-typical_of_property-variability_open,all-some,hot-oven,affording_activity-typical_of_concept-typical_of_property,all
34,False,0.9,creative-impossible,creative-few,lay_eggs-bonobo,impossible,few
35,False,0.7,rare-unusual,few,wheels-sleigh,unusual,few
36,False,0.7,affording_activity-typical_of_concept,all,square-floppy,affording_activity-typical_of_concept,all
37,False,0.4,,,yellow-peanut,creative-unusual,creative-few
38,False,0.5,,,fly-bunting,creative,creative
39,False,1.0,variability_limited,some,black-sapsucker,variability_limited,some
40,False,0.9,typical_of_concept-typical_of_property-variability_limited,all-some,yellow-daffodil,typical_of_concept-variability_limited,all-some
41,False,1.0,creative-impossible,creative-few,hot-icicle,impossible,few
42,False,0.8,unusual-variability_limited-variability_open,few-some,black-snake,variability_open,some
43,False,0.8,rare-unusual-variability_open,few-some,dangerous-punk,rare-variability_open,few-some
44,False,0.6,variability_limited,some,square-book,variability_limited,some
45,False,0.9,implied_category-typical_of_concept-variability_limited,all-some,made_of_wood-binnacle,variability_limited,some
46,False,0.9,affording_activity-implied_category-typical_of_concept-variability_limited,all-some,sweet-currant,variability_limited,some
47,False,0.5,,,lay_eggs-wrymouth,afforded_usual,all
48,False,0.9090909090909091,afforded_usual-implied_category,all,lay_eggs-micropterus,implied_category,all
49,False,0.6,rare,few,yellow-car,rare,few
50,False,0.9,affording_activity-implied_category-variability_limited-variability_open,all-some,square-file,variability_limited,some
51,False,0.9090909090909091,affording_activity-implied_category-typical_of_concept-typical_of_property-variability_limited,all-some,made_of_wood-wood,implied_category-typical_of_concept-typical_of_property,all
52,False,0.7,creative-impossible,creative-few,sweet-freestone,impossible,few
53,False,1.0,affording_activity-implied_category-typical_of_concept-typical_of_property-variability_open,all-some,hot-jungle,typical_of_concept,all
54,False,0.9,implied_category-typical_of_concept-typical_of_property-variability_limited,all-some,black-tar,implied_category-typical_of_concept,all
55,False,0.9,creative-impossible,creative-few,fly-stallion,creative-impossible,creative-few
56,False,0.4,,,fly-crane,afforded_usual-implied_category-typical_of_concept,all
57,False,0.6,impossible,few,lay_eggs-ibex,impossible,few
58,False,0.7,rare-unusual-variability_open,few-some,hot-bottle,rare-unusual,few
59,False,0.8,unusual-variability_limited,few-some,sweet-onion,variability_limited,some
60,False,0.9,variability_open,some,square-snack,variability_open,some
61,False,1.0,typical_of_concept-typical_of_property-variability_open,all-some,black-hair,variability_open,some
62,False,1.0,affording_activity-implied_category-typical_of_concept-typical_of_property-variability_open,all-some,dangerous-traitor,typical_of_concept,all
63,False,0.9,affording_activity-implied_category-typical_of_concept-variability_limited,all-some,yellow-cheetah,typical_of_concept,all
64,False,0.9,affording_activity-implied_category-typical_of_concept-variability_limited,all-some,made_of_wood-rafter,affording_activity-implied_category-variability_limited,all-some
65,False,1.0,affording_activity-implied_category-typical_of_concept-typical_of_property,all,wheels-sidecar,affording_activity-implied_category-typical_of_concept,all
66,False,1.0,implied_category-typical_of_concept-typical_of_property-variability_limited,all-some,made_of_wood-pencil,typical_of_concept,all
67,False,1.0,variability_open,some,yellow-bus,variability_open,some
68,False,1.0,afforded_usual-implied_category-typical_of_concept-typical_of_property,all,lay_eggs-egret,implied_category,all
69,False,0.4,,,square-rom,affording_activity-implied_category-typical_of_concept-typical_of_property-variability_limited,all-some
70,False,1.0,affording_activity-implied_category-typical_of_concept-typical_of_property-variability_open,all-some,hot-hearth,affording_activity,all
71,False,1.0,affording_activity-implied_category-typical_of_concept-typical_of_property,all,dangerous-bayonet,affording_activity-implied_category-typical_of_concept,all
72,False,0.8,afforded_usual-implied_category-typical_of_concept-typical_of_property,all,fly-quail,implied_category,all
73,False,0.9,typical_of_concept-variability_limited,all-some,sweet-corn,variability_limited,some
74,False,1.0,afforded_usual-implied_category-typical_of_concept-typical_of_property,all,fly-autogyro,afforded_usual-implied_category,all
75,False,1.0,afforded_usual-implied_category-typical_of_concept,all,lay_eggs-apodidae,implied_category,all
76,False,1.0,affording_activity-implied_category-typical_of_concept-typical_of_property-variability_limited,all-some,made_of_wood-plywood,typical_of_concept,all
77,False,0.7,affording_activity-typical_of_concept,all,wheels-chassis,affording_activity-typical_of_concept,all
78,False,0.8,rare-unusual,few,hot-toilet,rare-unusual,few
79,False,1.0,rare-unusual,few,square-barrel,unusual,few
80,False,0.8,rare-unusual,few,yellow-cactus,rare-unusual,few
81,False,0.9,rare-unusual,few,black-combretum,unusual,few
82,False,0.6,creative-impossible,creative-few,fly-clarence,creative-impossible,creative-few
83,False,0.5,,,lay_eggs-ichthyosaur,implied_category,all
84,False,0.8181818181818182,implied_category-typical_of_concept-typical_of_property-variability_limited-variability_open,all-some,made_of_wood-paddle,typical_of_concept,all
85,False,0.7,rare-unusual-variability_limited-variability_open,few-some,dangerous-gentamicin,rare-unusual-variability_open,few-some
86,False,0.9,creative-rare-unusual-variability_limited,creative-few-some,black-weed,unusual,few
87,False,0.7272727272727273,rare-unusual,few,yellow-orange,rare,few
88,False,1.0,typical_of_concept-typical_of_property-variability_open,all-some,hot-pancake,variability_open,some
89,False,0.8,affording_activity-implied_category-typical_of_concept,all,wheels-tram,affording_activity,all
90,False,0.7,unusual,few,yellow-peacock,unusual,few
91,False,0.6,rare-variability_open,few-some,square-bookmark,rare-variability_open,few-some
92,False,0.9,impossible,few,fly-groundhog,impossible,few
93,False,0.9,variability_limited,some,sweet-pumpkin,variability_limited,some
94,False,0.8,rare-unusual-variability_limited,few-some,black-acaridae,variability_limited,some
95,False,1.0,affording_activity-implied_category-typical_of_concept-variability_limited,all-some,made_of_wood-soffit,variability_limited,some
96,False,1.0,affording_activity-implied_category-typical_of_concept-typical_of_property-variability_open,all-some,dangerous-mafioso,affording_activity-implied_category-typical_of_concept,all
97,False,1.0,affording_activity-implied_category-typical_of_concept-typical_of_property-variability_open,all-some,hot-sauna,affording_activity-typical_of_concept,all
98,False,1.0,afforded_usual-implied_category-typical_of_concept-typical_of_property,all,fly-crow,afforded_usual,all
99,False,0.8,rare-unusual-variability_limited,few-some,dangerous-crowbar,unusual,few
100,False,0.6,affording_activity-implied_category,all,sweet-saskatoon,affording_activity-implied_category,all
101,False,0.9,afforded_usual-implied_category-typical_of_property,all,lay_eggs-smallmouth,afforded_usual-implied_category,all
102,False,1.0,affording_activity-implied_category-typical_of_concept-typical_of_property,all,wheels-wagon,affording_activity,all
103,False,1.0,affording_activity-implied_category-typical_of_concept-typical_of_property-variability_limited,all-some,made_of_wood-hardboard,affording_activity-typical_of_concept,all
104,False,0.6,variability_limited,some,square-disk,variability_limited,some
105,False,0.7,affording_activity-implied_category-typical_of_concept,all,black-pupil,typical_of_concept,all
106,False,0.8,variability_open,some,dangerous-plot,variability_open,some
107,False,1.0,affording_activity-implied_category-typical_of_concept-typical_of_property,all,wheels-truck,affording_activity,all
108,False,0.9,rare-unusual-variability_limited,few-some,black-fox,unusual,few
109,False,0.8,impossible,few,lay_eggs-torpedo,impossible,few
110,False,0.7272727272727273,rare-unusual,few,sweet-olive,unusual,few
111,False,0.9,creative-impossible,creative-few,fly-lion,impossible,few
112,False,1.0,rare-unusual,few,yellow-crassula,unusual,few
113,False,0.8,implied_category-variability_limited-variability_open,all-some,square-restroom,variability_limited,some
114,False,0.3,,,yellow-pumpkin,rare-unusual,few
115,False,1.0,creative-impossible,creative-few,fly-tiger,impossible,few
116,False,0.6,impossible-rare-unusual,few,made_of_wood-chimney,impossible-rare-unusual,few
117,False,1.0,affording_activity-implied_category-typical_of_concept,all,wheels-backhoe,implied_category,all
118,False,0.9,variability_limited,some,sweet-carrot,variability_limited,some
119,False,0.8,rare-unusual,few,dangerous-gutter,unusual,few
120,False,1.0,afforded_usual-implied_category-typical_of_concept-typical_of_property,all,lay_eggs-tortoise,implied_category,all
121,False,0.9,variability_limited,some,square-typewriter,variability_limited,some
122,False,0.9,affording_activity-implied_category-typical_of_concept-typical_of_property-variability_limited-variability_open,all-some,made_of_wood-board,typical_of_concept,all
123,False,0.7,implied_category-typical_of_concept-variability_limited-variability_open,all-some,black-pit,typical_of_concept-variability_limited,all-some
124,False,1.0,rare-variability_limited,few-some,fly-toy,variability_limited,some
125,False,0.7,creative-impossible,creative-few,sweet-jack,creative,creative
126,False,0.7,implied_category,all,dangerous-adze,implied_category,all
127,False,0.8,affording_activity-implied_category-typical_of_concept-variability_limited-variability_open,all-some,hot-griddle,implied_category-typical_of_concept,all
128,False,0.9,impossible,few,wheels-heap,impossible,few
129,False,0.6,variability_open,some,yellow-orchid,variability_open,some
130,False,0.9,afforded_usual-implied_category-typical_of_concept,all,fly-loon,afforded_usual,all
131,False,1.0,afforded_unusual-afforded_usual-implied_category-typical_of_concept,all,lay_eggs-crow,implied_category,all
132,False,1.0,affording_activity-implied_category-typical_of_concept-variability_limited,all-some,sweet-pear,variability_limited,some
133,False,0.8,implied_category-rare-unusual-variability_open,all-few-some,dangerous-mallet,implied_category,all
134,False,1.0,implied_category-typical_of_concept-variability_limited-variability_open,all-some,made_of_wood-trestle,variability_limited,some
135,False,0.9,affording_activity-implied_category-typical_of_concept-variability_limited,all-some,black-currawong,typical_of_concept-variability_limited,all-some
136,False,0.9,affording_activity-implied_category-typical_of_concept-variability_limited-variability_open,all-some,square-gameboard,implied_category-typical_of_concept-variability_limited,all-some
137,False,1.0,afforded_usual-implied_category-typical_of_concept,all,lay_eggs-turtle,afforded_usual-implied_category,all
138,False,0.9,rare-unusual-variability_open,few-some,black-glass,unusual-variability_open,few-some
139,False,0.9,impossible,few,fly-saloon,impossible,few
140,False,0.8,implied_category-variability_limited,all-some,made_of_wood-transom,variability_limited,some
141,False,0.5,,,sweet-buckeye,rare-variability_limited,few-some
142,False,0.7,implied_category-typical_of_concept-variability_limited-variability_open,all-some,square-workroom,implied_category-variability_limited-variability_open,all-some
143,False,0.1,,,yellow-fruit,rare,few
144,False,0.8,unusual,few,dangerous-clipper,unusual,few
145,False,0.7272727272727273,variability_open,some,black-market,variability_open,some
146,False,1.0,affording_activity-implied_category-typical_of_concept-typical_of_property,all,dangerous-malaria,implied_category-typical_of_concept,all
147,False,1.0,affording_activity-implied_category-typical_of_concept-variability_limited,all-some,sweet-almond,variability_limited,some
148,False,0.5384615384615384,unusual,few,yellow-cream,unusual,few
149,False,0.9090909090909091,afforded_usual-implied_category-typical_of_concept,all,fly-wren,afforded_usual-implied_category,all
150,False,0.9166666666666666,implied_category-typical_of_concept-variability_limited,all-some,made_of_wood-outrigger,variability_limited,some
151,False,0.8181818181818182,creative-rare-unusual-variability_open,creative-few-some,hot-winter,rare,few
152,False,1.0,typical_of_concept-variability_limited,all-some,square-bookshelf,variability_limited,some
153,False,0.7272727272727273,impossible,few,lay_eggs-stag,impossible,few
154,False,0.7,impossible,few,lay_eggs-malinois,impossible,few
155,False,1.0,affording_activity-implied_category-typical_of_concept-typical_of_property,all,dangerous-war,implied_category-typical_of_concept-typical_of_property,all
156,False,0.8,impossible-unusual,few,yellow-thundercloud,impossible,few
157,False,0.8,variability_limited-variability_open,some,made_of_wood-chamfer,variability_limited,some
158,False,0.9,creative-unusual,creative-few,black-heart,creative,creative
159,False,0.9,affording_activity-implied_category-typical_of_concept-typical_of_property,all,wheels-racer,affording_activity,all
160,False,0.8,variability_limited-variability_open,some,square-desk,variability_limited,some
161,False,0.9,affording_activity-implied_category-typical_of_concept-typical_of_property,all,hot-heat,affording_activity-typical_of_concept,all
162,False,0.8,rare-unusual,few,sweet-avocado,rare,few
163,False,0.7,variability_limited,some,fly-craft,variability_limited,some
164,False,0.6,impossible,few,made_of_wood-stringer,impossible,few
165,False,0.9,afforded_usual-implied_category-typical_of_concept-typical_of_property,all,lay_eggs-utahraptor,implied_category,all
166,False,0.8,rare-unusual-variability_limited,few-some,black-dolphin,rare,few
167,False,1.0,affording_activity-implied_category-typical_of_concept-typical_of_property-variability_limited,all-some,yellow-corn,typical_of_concept,all
168,False,0.9,creative-rare-unusual-variability_limited-variability_open,creative-few-some,sweet-veg,variability_limited,some
169,False,1.0,impossible,few,wheels-piton,impossible,few
170,False,0.8,affording_activity-implied_category-variability_limited-variability_open,all-some,square-washroom,implied_category-variability_limited,all-some
171,False,1.0,affording_activity-implied_category-typical_of_concept-variability_limited,all-some,sweet-loquat,affording_activity-typical_of_concept,all
172,False,1.0,implied_category-typical_of_concept-typical_of_property-variability_limited,all-some,yellow-lemonade,typical_of_concept,all
173,False,0.5,,,dangerous-bit,creative-rare-unusual,creative-few
174,False,0.8,rare-unusual,few,made_of_wood-eyelet,unusual,few
175,False,1.0,affording_activity-variability_open,all-some,hot-tortilla,variability_open,some
176,False,0.5,,,wheels-stanhope,affording_activity-typical_of_concept,all
177,False,0.8,implied_category-typical_of_concept-variability_limited-variability_open,all-some,square-luggage,typical_of_concept-variability_limited,all-some
178,False,0.7,implied_category,all,lay_eggs-flounder,implied_category,all
179,False,0.9,impossible,few,lay_eggs-deer,impossible,few
180,False,0.9,affording_activity-implied_category-typical_of_concept,all,wheels-phaeton,affording_activity-implied_category,all
181,False,0.7,variability_open,some,hot-space,variability_open,some
182,False,0.8,rare-unusual-variability_limited,few-some,sweet-parsnip,variability_limited,some
183,False,0.9,rare-unusual-variability_limited,few-some,black-weasel,variability_limited,some
184,False,1.0,affording_activity-implied_category-typical_of_concept-typical_of_property-variability_limited,all-some,made_of_wood-barrel,implied_category-typical_of_concept,all
185,False,0.9,rare-unusual,few,yellow-seaweed,rare-unusual,few
186,False,0.9,creative-rare-unusual-variability_limited-variability_open,creative-few-some,dangerous-beetle,unusual,few
187,False,0.9,affording_activity-implied_category-typical_of_concept-typical_of_property-variability_limited-variability_open,all-some,dangerous-bow,implied_category,all
188,False,0.9,rare-unusual-variability_limited,few-some,black-frog,unusual,few
189,False,0.0,,,yellow-citrus,creative-impossible-rare-unusual,creative-few
190,False,0.9,impossible,few,lay_eggs-jade,impossible,few
191,False,1.0,implied_category-typical_of_concept-typical_of_property-variability_limited,all-some,made_of_wood-bow,variability_limited,some
192,False,0.9,afforded_usual-implied_category-typical_of_concept,all,fly-puffin,afforded_usual-implied_category,all
193,False,1.0,affording_activity-implied_category-typical_of_concept-typical_of_property-variability_limited,all-some,sweet-blueberry,typical_of_concept-variability_limited,all-some
194,False,0.5,,,wheels-motor,affording_activity-implied_category-typical_of_concept-typical_of_property-variability_limited,all-some
195,False,0.8,affording_activity-implied_category-typical_of_concept-variability_limited,all-some,sweet-lemonade,affording_activity-implied_category-variability_limited,all-some
196,False,0.8,rare-unusual,few,yellow-allspice,unusual,few
197,False,0.9,affording_activity-implied_category-typical_of_concept-typical_of_property,all,wheels-bike,affording_activity-implied_category-typical_of_concept-typical_of_property,all
198,False,0.8,variability_limited,some,black-cherry,variability_limited,some
199,False,0.8,afforded_usual-implied_category-typical_of_concept,all,fly-bomber,implied_category,all
200,False,0.8,implied_category-typical_of_concept-variability_limited,all-some,square-locker,implied_category,all
201,False,1.0,affording_activity-implied_category-typical_of_concept-typical_of_property-variability_open,all-some,hot-shower,affording_activity-typical_of_concept-variability_open,all-some
202,False,0.7,impossible,few,lay_eggs-whiff,impossible,few
203,False,0.8888888888888888,rare-unusual,few,black-avocado,unusual,few
204,False,0.6666666666666666,creative-impossible,creative-few,sweet-edda,creative-impossible,creative-few
205,False,1.0,afforded_usual-implied_category-typical_of_concept-typical_of_property,all,fly-butterfly,afforded_usual-implied_category-typical_of_concept,all
206,False,1.0,affording_activity-implied_category-typical_of_concept-typical_of_property-variability_limited,all-some,square-screen,implied_category-typical_of_concept,all
207,False,0.7777777777777778,creative-rare-unusual,creative-few,yellow-eucalyptus,unusual,few
208,False,0.5555555555555556,creative,creative,lay_eggs-beaver,creative,creative
209,False,1.0,affording_activity-implied_category-typical_of_concept-typical_of_property-variability_limited-variability_open,all-some,hot-quesadilla,variability_open,some
210,False,1.0,affording_activity-implied_category-typical_of_concept-typical_of_property,all,wheels-auto,affording_activity-implied_category-typical_of_concept-typical_of_property,all
211,False,1.0,affording_activity-implied_category-typical_of_concept-typical_of_property-variability_limited-variability_open,all-some,made_of_wood-fence,implied_category-typical_of_concept-variability_limited,all-some
212,False,0.8,afforded_usual-implied_category-typical_of_concept,all,fly-pheasant,implied_category,all
213,False,1.0,affording_activity-implied_category-typical_of_concept-typical_of_property-variability_limited,all-some,black-night,implied_category,all
214,False,0.6,rare,few,made_of_wood-ferrule,rare,few
215,False,0.8,unusual-variability_limited,few-some,sweet-spinach,unusual,few
216,False,0.8,rare-unusual,few,yellow-jade,unusual,few
217,False,0.9,affording_activity-typical_of_concept-variability_limited-variability_open,all-some,hot-flatbread,variability_open,some
218,False,1.0,affording_activity-implied_category-typical_of_concept-typical_of_property,all,wheels-bicycle,affording_activity-implied_category,all
219,False,0.8,impossible-rare-unusual,few,dangerous-typhlopidae,unusual,few
220,False,0.8,variability_limited,some,made_of_wood-centreboard,variability_limited,some
221,False,1.0,affording_activity-implied_category-typical_of_concept-typical_of_property-variability_open,all-some,hot-boiler,typical_of_concept,all
222,False,0.8,rare-unusual,few,wheels-ship,unusual,few
223,False,0.9,affording_activity-variability_limited,all-some,sweet-soursop,variability_limited,some
224,False,0.8,impossible,few,lay_eggs-painter,impossible,few
225,False,1.0,impossible,few,fly-minesweeper,impossible,few
226,False,0.7,impossible-rare-unusual,few,black-lime,rare-unusual,few
227,False,0.7,creative-impossible-unusual,creative-few,yellow-night,creative-impossible-unusual,creative-few
228,False,0.7,typical_of_concept-variability_limited,all-some,square-doorbell,variability_limited,some
229,False,0.8,rare-unusual-variability_limited,few-some,made_of_wood-spade,unusual-variability_limited,few-some
230,False,1.0,affording_activity-implied_category-typical_of_concept-typical_of_property-variability_open,all-some,dangerous-tiger,typical_of_concept,all
231,False,0.8,creative-impossible,creative-few,hot-ice,impossible,few
232,False,0.8,affording_activity-variability_limited,all-some,square-countertop,variability_limited,some
233,False,1.0,creative-rare-unusual-variability_limited,creative-few-some,sweet-chilli,variability_limited,some
234,False,0.8,unusual,few,yellow-spinach,unusual,few
235,False,0.8,creative-impossible,creative-few,fly-coupe,impossible,few
236,False,0.9,rare-unusual-variability_limited,few-some,black-opossum,variability_limited,some
237,False,0.5,,,made_of_wood-deal,creative,creative
238,False,0.9,creative-impossible,creative-few,lay_eggs-bulldog,impossible,few
239,False,0.6363636363636364,creative-impossible-unusual,creative-few,dangerous-crease,impossible,few
240,False,0.8,unusual-variability_open,few-some,black-football,variability_open,some
241,False,1.0,afforded_usual-implied_category-typical_of_concept-typical_of_property,all,fly-pigeon,afforded_usual-implied_category,all
242,False,0.9,affording_activity-implied_category-typical_of_concept-variability_limited-variability_open,all-some,square-window,variability_open,some
243,False,0.8,creative-impossible-rare-unusual,creative-few,hot-freezer,creative,creative
244,False,0.8,variability_limited,some,square-kitchenette,variability_limited,some
245,False,0.9,impossible,few,fly-gnu,impossible,few
246,False,0.8,variability_limited,some,made_of_wood-clock,variability_limited,some
247,False,0.8,rare-unusual,few,sweet-pepperoni,unusual,few
248,False,1.0,afforded_usual-implied_category-typical_of_concept,all,lay_eggs-fringillidae,implied_category,all
249,False,0.9,affording_activity-implied_category-typical_of_concept-typical_of_property-variability_open,all-some,dangerous-thief,implied_category-typical_of_concept-variability_open,all-some
250,False,0.6,typical_of_concept,all,yellow-crane,typical_of_concept,all
251,False,0.9,affording_activity-implied_category-typical_of_concept-typical_of_property-variability_open,all-some,hot-spiciness,affording_activity-implied_category-typical_of_concept-typical_of_property,all
252,False,1.0,typical_of_concept-typical_of_property-variability_open,all-some,black-suit,variability_open,some
253,False,0.4,,,sweet-windfall,variability_open,some
254,False,1.0,affording_activity-implied_category-typical_of_concept-typical_of_property,all,wheels-ambulance,affording_activity,all
255,False,0.7,typical_of_concept-variability_limited,all-some,square-bedroom,typical_of_concept-variability_limited,all-some
256,False,0.9,afforded_usual-implied_category-typical_of_concept-typical_of_property,all,lay_eggs-albatross,afforded_usual,all
257,False,1.0,typical_of_concept-variability_limited,all-some,made_of_wood-kayak,variability_limited,some
258,False,0.8,affording_activity-typical_of_concept-variability_open,all-some,hot-pot,variability_open,some
259,False,0.8181818181818182,afforded_usual-implied_category-typical_of_concept,all,lay_eggs-avocet,afforded_usual-implied_category,all
260,False,0.7272727272727273,implied_category-typical_of_concept-variability_limited-variability_open,all-some,square-notebook,implied_category-variability_open,all-some
261,False,0.7272727272727273,afforded_usual-implied_category-typical_of_concept,all,fly-moorcock,afforded_usual-implied_category,all
262,False,0.7272727272727273,typical_of_concept-variability_limited,all-some,black-miner,variability_limited,some
263,False,0.7272727272727273,impossible-unusual,few,yellow-herring,unusual,few
264,False,0.7272727272727273,affording_activity-typical_of_concept-variability_open,all-some,hot-kitchen,variability_open,some
265,False,0.7272727272727273,rare-unusual-variability_limited,few-some,made_of_wood-aerator,variability_limited,some
266,False,1.0,affording_activity-implied_category-typical_of_concept-typical_of_property-variability_open,all-some,dangerous-pistol,typical_of_concept,all
267,False,0.7,rare-unusual-variability_limited,few-some,black-rice,rare,few
268,False,0.8,typical_of_concept,all,dangerous-hippopotamus,typical_of_concept,all
269,False,0.4,,,yellow-pepper,rare,few
270,False,1.0,impossible,few,fly-sunfish,impossible,few
271,False,0.9,typical_of_concept-variability_limited,all-some,made_of_wood-plunger,variability_limited,some
272,False,1.0,affording_activity-implied_category,all,wheels-hearse,affording_activity,all
273,False,0.9,impossible,few,lay_eggs-bushbaby,impossible,few
274,False,0.7,impossible,few,square-subdirectory,impossible,few
275,False,1.0,affording_activity-implied_category-typical_of_concept-typical_of_property-variability_open,all-some,square-room,variability_open,some
276,False,1.0,afforded_usual-implied_category-typical_of_concept,all,lay_eggs-phalacrocorax,afforded_usual-implied_category,all
277,False,0.6,rare,few,sweet-oilseed,rare,few
278,False,0.8181818181818182,rare-unusual,few,hot-nose,unusual,few
279,False,0.9,affording_activity-implied_category-typical_of_concept,all,dangerous-methamphetamine,implied_category,all
280,False,0.9090909090909091,affording_activity-implied_category-typical_of_concept-typical_of_property-variability_limited,all-some,made_of_wood-toothpick,typical_of_concept-variability_limited,all-some
281,False,0.7,impossible,few,fly-amberjack,impossible,few
282,False,0.8,rare-variability_limited,few-some,black-pig,variability_limited,some
283,False,0.7,afforded_usual-implied_category-typical_of_concept,all,fly-snowbird,afforded_usual-implied_category,all
284,False,0.8,rare-unusual-variability_limited,few-some,made_of_wood-scabbard,rare-unusual,few
285,False,0.9,typical_of_concept-typical_of_property-variability_limited-variability_open,all-some,black-cat,variability_limited,some
286,False,0.9,variability_limited-variability_open,some,hot-dessert,variability_open,some
287,False,0.9,creative-impossible,creative-few,lay_eggs-armadillo,impossible,few
288,False,0.8,creative-rare-unusual-variability_limited-variability_open,creative-few-some,dangerous-club,variability_limited-variability_open,some
289,False,0.1,,,yellow-custard,creative,creative
290,False,0.8,implied_category-typical_of_concept-variability_limited,all-some,square-console,variability_limited,some
291,False,1.0,affording_activity-implied_category-typical_of_concept-typical_of_property-variability_open,all-some,dangerous-weapon,typical_of_concept,all
292,False,0.6,rare-variability_limited,few-some,made_of_wood-truss,rare-variability_limited,few-some
293,False,0.4,,,fly-lynx,creative-impossible-variability_limited,creative-few-some
294,False,0.5,,,yellow-lavandula,rare-unusual,few
295,False,0.5,,,square-diskette,affording_activity-implied_category-typical_of_concept-variability_limited,all-some
296,False,0.6,impossible-rare,few,black-butter,impossible-rare,few
297,False,0.9,affording_activity-implied_category,all,wheels-dumper,affording_activity-implied_category,all
298,False,1.0,affording_activity-typical_of_concept-variability_open,all-some,hot-water,variability_open,some
299,False,0.9,afforded_usual-implied_category-typical_of_concept-typical_of_property,all,fly-nightingale,afforded_usual-implied_category,all
300,False,0.7,implied_category-typical_of_concept-variability_limited,all-some,made_of_wood-beam,variability_limited,some
301,False,1.0,affording_activity-implied_category-typical_of_concept-typical_of_property,all,wheels-van,affording_activity,all
302,False,0.7,typical_of_concept-variability_limited,all-some,black-monkey,typical_of_concept-variability_limited,all-some
303,False,0.8,rare-unusual-variability_limited-variability_open,few-some,sweet-cabbage,unusual,few
304,False,0.9,affording_activity-implied_category-typical_of_concept-typical_of_property-variability_limited-variability_open,all-some,dangerous-gang,affording_activity-implied_category-variability_open,all-some
305,False,0.8,creative-impossible,creative-few,lay_eggs-bull,impossible,few
306,False,0.7777777777777778,afforded_usual-implied_category-typical_of_property,all,lay_eggs-leatherback,afforded_usual,all
307,False,1.0,rare-unusual-variability_limited,few-some,dangerous-file,rare,few
308,False,0.8888888888888888,affording_activity-implied_category-typical_of_concept-typical_of_property-variability_limited-variability_open,all-some,sweet-strawberry,affording_activity-implied_category-typical_of_concept-typical_of_property,all
309,False,0.8888888888888888,affording_activity-implied_category-variability_limited-variability_open,all-some,square-keypad,implied_category,all
310,False,0.6666666666666666,implied_category-typical_of_concept-typical_of_property-variability_limited,all-some,yellow-buttercup,typical_of_concept,all
311,False,0.8888888888888888,affording_activity-implied_category-typical_of_concept-typical_of_property-variability_limited-variability_open,all-some,hot-vapor,affording_activity,all
312,False,0.5555555555555556,unusual,few,fly-bark,unusual,few
313,False,0.7777777777777778,rare-unusual,few,wheels-cat,unusual,few
314,False,0.7,afforded_usual-implied_category,all,lay_eggs-lepomis,afforded_usual,all
315,False,0.9,affording_activity-implied_category-typical_of_concept-typical_of_property-variability_limited-variability_open,all-some,made_of_wood-plank,affording_activity-implied_category-typical_of_concept-typical_of_property,all
316,False,1.0,rare-unusual,few,square-mug,rare-unusual,few
317,False,0.1,,,yellow-blossom,creative-impossible-rare-unusual,creative-few
318,False,0.7,creative-impossible,creative-few,sweet-iceberg,creative-impossible,creative-few
319,False,0.7,creative-impossible-rare-unusual,creative-few,black-ketchup,unusual,few
320,False,0.9,impossible,few,fly-ass,impossible,few
321,False,0.8,rare-unusual,few,dangerous-hoe,unusual,few
322,False,1.0,affording_activity-implied_category-typical_of_concept-typical_of_property-variability_open,all-some,hot-coffee,typical_of_concept-variability_open,all-some
323,False,1.0,affording_activity-implied_category-typical_of_concept-typical_of_property,all,wheels-cabriolet,affording_activity-implied_category,all
324,False,0.8,variability_open,some,hot-snack,variability_open,some
325,False,1.0,implied_category-typical_of_concept-typical_of_property-variability_limited,all-some,yellow-wasp,variability_limited,some
326,True,0.5,,,lay_eggs-creeper,afforded_usual-implied_category-impossible-typical_of_concept,all-few
327,False,0.6,rare-unusual,few,black-beet,rare-unusual,few
328,False,0.8,variability_limited,some,sweet-groundnut,variability_limited,some
329,False,0.7,typical_of_property-variability_open,all-some,square-floor,variability_open,some
330,False,0.9,afforded_usual-implied_category-typical_of_concept,all,fly-gallinule,afforded_usual-implied_category,all
331,False,1.0,affording_activity-implied_category-typical_of_concept-typical_of_property,all,wheels-vehicle,affording_activity-typical_of_concept-typical_of_property,all
332,False,0.75,variability_limited,some,yellow-nectarine,variability_limited,some
333,False,1.0,variability_limited-variability_open,some,made_of_wood-rudder,variability_limited,some
334,False,0.5,,,lay_eggs-basilisk,implied_category,all
335,False,0.625,creative,creative,fly-skimmer,creative,creative
336,False,0.875,rare-unusual-variability_limited,few-some,sweet-pistachio,unusual,few
337,False,0.875,affording_activity-implied_category-typical_of_concept-typical_of_property,all,dangerous-killer,implied_category-typical_of_concept,all
338,False,0.875,affording_activity-implied_category-typical_of_concept-variability_limited,all-some,square-cabinet,variability_limited,some
339,False,1.0,affording_activity-implied_category-typical_of_concept,all,wheels-trailer,affording_activity-typical_of_concept,all
340,False,1.0,affording_activity-implied_category-typical_of_concept-typical_of_property,all,dangerous-venom,typical_of_concept-typical_of_property,all
341,False,0.8,implied_category-typical_of_concept-typical_of_property-variability_limited,all-some,yellow-giraffe,typical_of_concept-typical_of_property-variability_limited,all-some
342,False,0.7,afforded_usual-implied_category-typical_of_concept,all,lay_eggs-halibut,afforded_usual,all
343,False,0.8,impossible-unusual,few,sweet-spike,impossible,few
344,False,1.0,afforded_usual-implied_category-typical_of_concept-typical_of_property,all,fly-skylark,implied_category,all
345,False,1.0,rare-unusual-variability_open,few-some,black-parrot,rare,few
346,False,0.7,variability_limited-variability_open,some,made_of_wood-shaft,variability_limited,some
347,False,0.8,variability_limited,some,square-rack,variability_limited,some
348,False,0.9,rare-unusual,few,hot-pomade,unusual,few
349,False,1.0,afforded_usual-implied_category-typical_of_concept-typical_of_property,all,fly-paridae,afforded_usual,all
350,False,1.0,afforded_usual-implied_category-typical_of_concept,all,lay_eggs-curlew,afforded_usual,all
351,False,0.8,unusual-variability_limited,few-some,made_of_wood-bagpipe,unusual,few
352,False,1.0,creative-impossible,creative-few,square-sphere,impossible,few
353,False,0.9090909090909091,affording_activity-implied_category-typical_of_concept-typical_of_property-variability_limited-variability_open,all-some,dangerous-scimitar,implied_category,all
354,False,0.2,,,yellow-honey,unusual,few
355,False,0.9090909090909091,affording_activity-implied_category-typical_of_concept-typical_of_property-variability_limited-variability_open,all-some,sweet-chocolate,affording_activity,all
356,False,0.625,variability_limited,some,square-recliner,variability_limited,some
357,False,0.625,rare-unusual,few,yellow-colocasia,rare-unusual,few
358,False,0.75,affording_activity-implied_category-typical_of_concept-typical_of_property-variability_open,all-some,made_of_wood-stick,typical_of_property,all
359,False,0.625,variability_limited,some,sweet-fennel,variability_limited,some
360,False,0.75,unusual-variability_open,few-some,dangerous-pusher,unusual,few
361,False,0.875,variability_open,some,hot-bathroom,variability_open,some
362,False,0.875,affording_activity-implied_category-typical_of_concept-typical_of_property,all,wheels-coach,implied_category,all
363,False,0.75,creative-impossible-rare-unusual,creative-few,fly-basset,impossible-unusual,few
364,False,0.9,afforded_usual-implied_category-typical_of_concept-typical_of_property-variability_limited,all-some,fly-balloon,typical_of_concept,all
365,False,0.9,implied_category-typical_of_concept-variability_limited,all-some,yellow-sunbeam,variability_limited,some
366,False,1.0,affording_activity-implied_category-typical_of_concept-typical_of_property-variability_open,all-some,hot-toaster,affording_activity,all
367,False,0.5,,,lay_eggs-marabout,implied_category,all
368,False,0.8,creative-rare-unusual,creative-few,dangerous-jack,unusual,few
369,False,0.8,affording_activity-implied_category-typical_of_concept-typical_of_property-variability_limited,all-some,made_of_wood-deck,typical_of_concept,all
370,False,0.9,affording_activity-implied_category-typical_of_concept-typical_of_property,all,wheels-tramcar,affording_activity,all
371,False,0.8,creative-rare-unusual,creative-few,sweet-lime,creative-unusual,creative-few
372,False,0.7777777777777778,rare-variability_limited-variability_open,few-some,black-pea,variability_limited,some
373,False,1.0,affording_activity-implied_category-typical_of_concept-typical_of_property-variability_open,all-some,hot-fireplace,typical_of_concept,all
374,False,0.8888888888888888,affording_activity-variability_limited-variability_open,all-some,made_of_wood-strake,variability_open,some
375,False,0.5555555555555556,afforded_usual-typical_of_concept,all,fly-babbler,afforded_usual-typical_of_concept,all
376,False,0.7777777777777778,creative-variability_limited-variability_open,creative-some,sweet-tater,variability_limited,some
377,False,0.8888888888888888,affording_activity-implied_category-typical_of_concept-typical_of_property,all,dangerous-alligator,affording_activity-implied_category,all
378,False,1.0,variability_limited-variability_open,some,square-kitchen,variability_open,some
379,False,0.6363636363636364,impossible,few,fly-wherry,impossible,few
380,False,1.0,implied_category-typical_of_concept-typical_of_property-variability_limited,all-some,yellow-corncob,typical_of_concept,all
381,False,0.7,variability_open,some,hot-chutney,variability_open,some
382,False,0.9090909090909091,implied_category-typical_of_concept-variability_limited-variability_open,all-some,made_of_wood-brush,variability_limited,some
383,False,0.8,impossible,few,lay_eggs-mouser,impossible,few
384,False,1.0,variability_open,some,black-paint,variability_open,some
385,False,0.8,affording_activity-implied_category-typical_of_concept-variability_limited,all-some,wheels-equipage,affording_activity,all
386,False,0.7,creative-unusual-variability_limited,creative-few-some,sweet-soybean,unusual,few
387,False,0.7,rare-unusual-variability_limited,few-some,made_of_wood-kickstand,rare-unusual-variability_limited,few-some
388,False,0.8,variability_open,some,black-hose,variability_open,some
389,False,1.0,afforded_usual-implied_category-typical_of_concept-typical_of_property,all,fly-icteridae,afforded_usual-implied_category-typical_of_concept,all
390,False,1.0,affording_activity-implied_category-typical_of_concept-typical_of_property-variability_limited,all-some,dangerous-sword,implied_category,all
391,False,0.9,affording_activity-implied_category,all,wheels-snowplow,implied_category,all
392,False,0.8,typical_of_concept-variability_limited-variability_open,all-some,square-parlor,variability_limited,some
393,False,0.7,afforded_unusual-afforded_usual-implied_category,all,lay_eggs-bass,afforded_usual-implied_category,all
394,False,0.8,creative-unusual,creative-few,sweet-oyster,unusual,few
395,False,1.0,typical_of_concept-variability_limited,all-some,black-olive,variability_limited,some
396,False,0.6,variability_open,some,dangerous-freebooter,variability_open,some
397,False,0.9,rare-unusual-variability_open,few-some,hot-flowerpot,unusual,few
398,False,0.9,variability_limited,some,square-sideboard,variability_limited,some
399,False,0.8,rare-unusual-variability_limited,few-some,sweet-grain,rare-unusual,few
400,False,0.9,impossible-unusual,few,fly-roebuck,impossible,few
401,False,0.6,impossible,few,lay_eggs-redhorse,impossible,few
402,False,0.8888888888888888,afforded_usual-implied_category-typical_of_concept,all,lay_eggs-charadrius,implied_category,all
403,False,1.0,affording_activity-typical_of_concept-variability_limited,all-some,yellow-beer,variability_limited,some
404,False,1.0,affording_activity-implied_category-typical_of_concept-variability_limited,all-some,sweet-cherry,implied_category-variability_limited,all-some
405,False,1.0,creative-impossible,creative-few,fly-deer,impossible,few
406,False,0.8,variability_limited-variability_open,some,square-button,variability_open,some
407,False,0.8888888888888888,typical_of_concept-variability_limited,all-some,black-cockroach,variability_limited,some
408,False,0.7,creative-unusual-variability_limited,creative-few-some,wheels-garage,creative,creative
409,False,0.9,rare-unusual-variability_open,few-some,hot-soot,variability_open,some
410,False,0.9,creative-impossible,creative-few,wheels-driver,creative,creative
411,False,1.0,affording_activity-implied_category-typical_of_concept-typical_of_property-variability_limited,all-some,made_of_wood-oak,affording_activity-typical_of_concept,all
412,False,0.7,creative-unusual,creative-few,sweet-chicken,creative,creative
413,False,0.9,creative-impossible,creative-few,fly-rudd,impossible,few
414,False,1.0,afforded_usual-implied_category-typical_of_concept-typical_of_property-variability_limited,all-some,lay_eggs-chicken,afforded_usual-implied_category-typical_of_concept-typical_of_property,all
415,False,0.9,rare-unusual-variability_limited,few-some,square-tape,unusual,few
416,False,1.0,creative-rare-unusual-variability_open,creative-few-some,hot-vinaigrette,unusual,few
417,False,0.9,rare-unusual-variability_limited-variability_open,few-some,black-paridae,variability_limited,some
418,False,0.7,typical_of_concept-typical_of_property-variability_limited,all-some,yellow-pineapple,typical_of_concept,all
419,False,0.6,afforded_usual,all,lay_eggs-stockfish,afforded_usual,all
420,False,0.6,impossible,few,fly-hog,impossible,few
421,False,0.8,variability_open,some,square-workspace,variability_open,some
422,False,0.9,typical_of_concept-variability_open,all-some,black-insect,variability_open,some
423,False,1.0,affording_activity-implied_category-typical_of_concept-typical_of_property-variability_open,all-some,wheels-car,affording_activity,all
424,False,1.0,affording_activity-typical_of_concept-typical_of_property-variability_limited-variability_open,all-some,made_of_wood-broom,variability_limited,some
425,False,1.0,affording_activity-implied_category-typical_of_concept-typical_of_property-variability_limited,all-some,sweet-apple,variability_limited,some
426,False,0.8,variability_limited-variability_open,some,square-foyer,variability_limited,some
427,False,0.7,creative-rare-unusual,creative-few,sweet-vinaigrette,creative-rare-unusual,creative-few
428,False,0.8,creative-rare-unusual,creative-few,hot-vinyl,unusual,few
429,False,0.7,creative-impossible-unusual,creative-few,fly-emu,creative-impossible,creative-few
430,False,1.0,affording_activity-implied_category-typical_of_concept-typical_of_property-variability_open,all-some,dangerous-snake,variability_open,some
431,False,1.0,affording_activity-implied_category-typical_of_concept-typical_of_property,all,wheels-unicycle,affording_activity-implied_category,all
432,False,0.9,afforded_usual-implied_category,all,lay_eggs-motacilla,implied_category,all
433,False,0.7,rare-unusual,few,black-bottle,rare-unusual,few
434,False,0.9,creative-rare-unusual,creative-few,made_of_wood-gun,rare-unusual,few
435,False,0.875,typical_of_concept-variability_limited,all-some,sweet-beet,variability_limited,some
436,False,0.75,rare-unusual,few,black-raspberry,rare-unusual,few
437,True,0.5,,,lay_eggs-hobby,implied_category-impossible-unusual,all-few
438,False,0.625,unusual,few,yellow-insect,unusual,few
439,False,0.75,unusual,few,dangerous-buffer,unusual,few
440,True,0.5,,,wheels-tank,implied_category-unusual,all-few
441,False,0.75,implied_category-typical_of_concept,all,fly-arrow,typical_of_concept,all
442,False,0.875,affording_activity-implied_category-typical_of_concept-typical_of_property,all,hot-geyser,implied_category-typical_of_concept-typical_of_property,all
443,False,0.8,variability_limited-variability_open,some,hot-sandwich,variability_limited,some
444,False,0.7,variability_limited,some,black-grape,variability_limited,some
445,False,0.7,variability_limited-variability_open,some,made_of_wood-plough,variability_limited,some
446,False,1.0,afforded_usual-implied_category-typical_of_concept-typical_of_property,all,fly-wing,afforded_usual,all
447,False,0.7,implied_category-typical_of_property-variability_limited,all-some,square-laptop,implied_category-variability_limited,all-some
448,False,0.7,affording_activity-implied_category-typical_of_concept-variability_limited,all-some,sweet-bacca,affording_activity,all
449,False,0.8,implied_category-rare-typical_of_concept-typical_of_property-variability_open,all-few-some,dangerous-hack,typical_of_concept,all
450,False,0.9,rare-unusual,few,yellow-milk,unusual,few
451,False,0.9,rare-unusual-variability_limited,few-some,made_of_wood-fuselage,rare,few
452,False,0.9,rare-unusual,few,yellow-pigweed,rare,few
453,False,0.9,creative-rare-unusual-variability_limited,creative-few-some,sweet-chickpea,unusual,few
454,False,0.5,,,lay_eggs-bay,impossible,few
455,False,0.7,implied_category-typical_of_concept,all,dangerous-pentobarbital,implied_category,all
456,False,1.0,affording_activity-implied_category-typical_of_concept-typical_of_property-variability_open,all-some,hot-tea,implied_category-typical_of_concept-variability_open,all-some
457,False,0.8,rare-unusual,few,black-gherkin,unusual,few
458,False,0.7,impossible,few,fly-shell,impossible,few
459,False,0.875,typical_of_concept-typical_of_property-variability_limited,all-some,black-blackboard,typical_of_concept,all
460,False,1.0,creative-rare-unusual-variability_limited-variability_open,creative-few-some,hot-fruitcake,unusual,few
461,False,0.75,creative-rare-unusual-variability_limited,creative-few-some,made_of_wood-rail,rare-unusual,few
462,False,1.0,affording_activity-implied_category-typical_of_concept-typical_of_property-variability_open,all-some,dangerous-sniper,affording_activity,all
463,False,0.7142857142857143,rare-unusual-variability_limited,few-some,sweet-asparagus,rare,few
464,False,0.8571428571428571,variability_limited-variability_open,some,square-sunroom,variability_limited-variability_open,some
465,False,0.75,afforded_usual-implied_category,all,lay_eggs-plaice,afforded_usual,all
466,False,1.0,affording_activity-implied_category-typical_of_concept-typical_of_property-variability_open,all-some,hot-tandoor,implied_category-variability_open,all-some
467,False,0.8,unusual-variability_limited,few-some,sweet-ketchup,variability_limited,some
468,False,0.6,creative-impossible,creative-few,fly-titi,creative-impossible,creative-few
469,False,0.9,implied_category-typical_of_concept-typical_of_property-variability_open,all-some,square-table,typical_of_concept-typical_of_property,all
470,False,0.9,rare-unusual-variability_limited,few-some,black-eye,variability_limited,some
471,False,1.0,rare-unusual,few,dangerous-businessman,rare-unusual,few
472,False,0.7,creative-impossible-unusual,creative-few,yellow-skunk,unusual,few
473,False,1.0,implied_category-typical_of_concept-typical_of_property-variability_limited-variability_open,all-some,made_of_wood-bookcase,typical_of_property,all
474,False,0.7,variability_limited,some,made_of_wood-axe,variability_limited,some
475,False,0.6,impossible-rare,few,black-mentzelia,impossible-rare,few
476,False,0.8,afforded_usual-implied_category-typical_of_concept,all,fly-phalacrocorax,implied_category-typical_of_concept,all
477,False,0.9,affording_activity-implied_category-typical_of_concept-typical_of_property-variability_limited-variability_open,all-some,dangerous-reduviidae,affording_activity-implied_category,all
478,False,0.8,impossible-unusual,few,square-cds,impossible,few
479,False,0.9,affording_activity-implied_category-typical_of_concept-variability_limited-variability_open,all-some,sweet-sultana,affording_activity-implied_category,all
480,False,0.9,affording_activity-implied_category-typical_of_concept,all,hot-kerosene,typical_of_concept,all
481,False,0.8,variability_limited-variability_open,some,black-forepaw,variability_limited,some
482,False,0.8,creative-impossible-rare-unusual,creative-few,hot-fridge,creative,creative
483,False,0.8,variability_limited-variability_open,some,made_of_wood-modillion,variability_limited,some
484,False,0.9,afforded_usual-implied_category-typical_of_concept,all,lay_eggs-whitethroat,afforded_usual,all
485,False,0.7,rare-variability_limited,few-some,fly-capsule,variability_limited,some
486,False,0.8,rare-unusual,few,sweet-flageolet,rare,few
487,False,0.8,rare-unusual-variability_limited,few-some,wheels-diner,unusual,few
488,False,0.8,variability_limited-variability_open,some,square-stairwell,variability_limited,some
489,False,1.0,creative-impossible,creative-few,lay_eggs-leopard,impossible,few
490,False,0.8,impossible,few,wheels-packhorse,impossible,few
491,False,0.2,,,yellow-leopard,creative,creative
492,False,1.0,affording_activity-implied_category-typical_of_concept-typical_of_property-variability_limited,all-some,sweet-honey,affording_activity-typical_of_concept-typical_of_property,all
493,False,0.8,rare-variability_limited,few-some,black-sheep,variability_limited,some
494,False,0.9,creative-impossible,creative-few,fly-ferry,impossible,few
495,False,0.7,variability_limited,some,made_of_wood-window,variability_limited,some
496,False,0.5,,,hot-outfit,variability_open,some
497,False,0.9,creative-rare-unusual,creative-few,sweet-broccoli,unusual,few
498,False,1.0,affording_activity-typical_of_concept-typical_of_property-variability_open,all-some,hot-charcoal,affording_activity-variability_open,all-some
499,False,0.8,creative-impossible,creative-few,fly-pussy,creative-impossible,creative-few
500,False,0.6,creative,creative,lay_eggs-layer,creative,creative
501,False,0.7,unusual-variability_open,few-some,square-marble,variability_open,some
502,False,0.9,variability_limited,some,black-sky,variability_limited,some
503,False,0.8,affording_activity-implied_category-typical_of_concept,all,wheels-dray,affording_activity,all
504,False,0.9,variability_open,some,hot-seasoning,variability_open,some
505,False,0.8,rare-unusual-variability_limited,few-some,made_of_wood-washtub,rare-variability_limited,few-some
506,False,0.9,rare-unusual-variability_limited,few-some,dangerous-naproxen,unusual,few
507,False,0.8,unusual,few,wheels-toboggan,unusual,few
508,False,0.7,afforded_usual-typical_of_concept-typical_of_property,all,fly-flycatcher,afforded_usual-typical_of_concept,all
509,False,0.9,typical_of_concept-variability_limited,all-some,black-mussel,variability_limited,some
510,False,1.0,creative-impossible,creative-few,lay_eggs-humankind,impossible,few
511,False,0.8,rare-unusual-variability_limited,few-some,sweet-coffee,unusual,few
512,False,0.9,impossible,few,lay_eggs-hare,impossible,few
513,False,0.6,unusual,few,yellow-kingfisher,unusual,few
514,False,0.6,unusual,few,sweet-lentil,unusual,few
515,False,0.9,rare-unusual-variability_limited,few-some,black-ladybird,rare,few
516,False,0.9,affording_activity-implied_category-typical_of_concept-variability_open,all-some,wheels-pedicab,affording_activity,all
517,False,0.8,afforded_unusual-afforded_usual-implied_category,all,fly-duck,afforded_usual,all
518,False,0.7,impossible-rare,few,dangerous-bill,impossible,few
519,False,1.0,affording_activity-implied_category-typical_of_concept-typical_of_property-variability_open,all-some,hot-kettle,variability_open,some
520,False,1.0,affording_activity-implied_category-typical_of_concept-typical_of_property-variability_open,all-some,hot-heater,affording_activity,all
521,False,0.8,creative-impossible,creative-few,fly-ounce,impossible,few
522,False,0.9,affording_activity-implied_category-typical_of_concept-typical_of_property-variability_open,all-some,dangerous-revolver,affording_activity-typical_of_concept,all
523,False,0.8,typical_of_concept-variability_limited-variability_open,all-some,sweet-tea,variability_limited,some
524,False,0.8,creative-rare-unusual-variability_limited,creative-few-some,black-lion,rare-unusual,few
525,False,0.9,creative-impossible,creative-few,lay_eggs-human,impossible,few
526,False,1.0,affording_activity-implied_category-typical_of_concept-typical_of_property,all,wheels-pram,affording_activity-implied_category,all
527,False,1.0,typical_of_concept-variability_limited,all-some,square-refrigerator,variability_limited,some
528,False,0.9,affording_activity-implied_category-typical_of_concept,all,wheels-stagecoach,implied_category,all
529,False,0.9,creative-rare-unusual,creative-few,dangerous-nursing,unusual,few
530,False,0.9,rare-unusual,few,yellow-sheep,unusual,few
531,False,1.0,afforded_usual-implied_category-typical_of_concept-typical_of_property,all,fly-hawk,afforded_usual-implied_category-typical_of_concept,all
532,False,0.8,afforded_usual-implied_category-typical_of_concept,all,lay_eggs-roach,afforded_usual-implied_category,all
533,False,1.0,affording_activity-implied_category-typical_of_concept-typical_of_property,all,sweet-sugar,affording_activity-typical_of_concept-typical_of_property,all
534,False,1.0,affording_activity-implied_category-typical_of_concept-typical_of_property-variability_open,all-some,hot-cooker,affording_activity-implied_category-typical_of_concept-typical_of_property,all
535,False,1.0,affording_activity-implied_category-typical_of_concept-typical_of_property,all,hot-lava,typical_of_concept,all
536,False,1.0,affording_activity-implied_category-typical_of_concept-typical_of_property,all,dangerous-grenade,affording_activity,all
537,False,0.8,impossible,few,fly-lizardfish,impossible,few
538,False,0.8,rare-unusual-variability_limited,few-some,black-rhino,variability_limited,some
539,False,0.6,impossible,few,made_of_wood-strap,impossible,few
540,False,0.5,,,sweet-mussel,creative-unusual,creative-few
541,False,0.9,implied_category-variability_limited-variability_open,all-some,square-playroom,variability_open,some
542,False,0.6,creative,creative,sweet-ginger,creative,creative
543,False,0.8,typical_of_concept-variability_limited,all-some,black-skunk,variability_limited,some
544,False,0.9,implied_category-typical_of_concept-typical_of_property-variability_open,all-some,dangerous-attack,typical_of_concept,all
545,False,0.8,afforded_unusual-afforded_usual-implied_category-typical_of_concept,all,fly-pelican,implied_category,all
546,False,0.7,unusual,few,hot-garlic,unusual,few
547,False,0.9,affording_activity-implied_category-variability_limited-variability_open,all-some,square-drawer,variability_limited,some
548,False,0.6,impossible,few,lay_eggs-blackbuck,impossible,few
549,False,1.0,affording_activity-variability_limited-variability_open,all-some,wheels-luggage,variability_open,some
550,False,0.6666666666666666,variability_limited-variability_open,some,square-footrest,variability_limited,some
551,False,0.6666666666666666,rare-unusual-variability_limited-variability_open,few-some,sweet-puree,variability_limited-variability_open,some
552,False,0.8888888888888888,affording_activity-typical_of_property-variability_limited-variability_open,all-some,made_of_wood-headstock,affording_activity,all
553,False,0.7777777777777778,rare-unusual,few,wheels-trap,unusual,few
554,False,1.0,variability_open,some,black-car,variability_open,some
555,False,0.7777777777777778,creative-impossible-unusual,creative-few,fly-monkey,impossible,few
556,False,0.8888888888888888,affording_activity-typical_of_concept-variability_limited-variability_open,all-some,hot-pasta,affording_activity,all
557,False,0.8,afforded_usual-implied_category-typical_of_concept,all,fly-chinook,implied_category,all
558,False,0.9,affording_activity-implied_category-typical_of_concept-typical_of_property-variability_open,all-some,hot-grill,affording_activity-typical_of_concept-typical_of_property-variability_open,all-some
559,False,0.9,afforded_usual-implied_category-typical_of_concept-typical_of_property-variability_limited,all-some,lay_eggs-calidris,afforded_usual,all
560,False,1.0,affording_activity-implied_category-typical_of_concept-typical_of_property-variability_limited,all-some,made_of_wood-lath,typical_of_concept,all
561,False,0.9,rare-unusual,few,yellow-actinidia,unusual,few
562,False,0.7,variability_limited-variability_open,some,sweet-vegetable,variability_limited,some
563,False,0.7,rare-variability_limited-variability_open,few-some,black-lizard,variability_limited,some
564,False,0.9,implied_category-typical_of_concept-typical_of_property-variability_limited-variability_open,all-some,dangerous-looter,typical_of_concept,all
565,False,0.4,,,fly-wheeler,creative-rare-unusual,creative-few
566,False,1.0,affording_activity-implied_category-typical_of_concept-typical_of_property-variability_limited,all-some,sweet-jam,typical_of_concept,all
567,False,0.6,variability_limited,some,wheels-snowmobile,variability_limited,some
568,False,0.6,variability_limited,some,dangerous-doodlebug,variability_limited,some
569,False,0.9,rare-unusual-variability_limited,few-some,black-pelican,variability_limited,some
570,False,0.1,,,yellow-flame,unusual,few
571,False,0.4,,,lay_eggs-whiteface,impossible,few
572,False,0.8,variability_limited,some,made_of_wood-rod,variability_limited,some
573,False,0.9,creative-impossible,creative-few,fly-mola,creative,creative
574,False,1.0,implied_category-typical_of_concept-typical_of_property-variability_limited-variability_open,all-some,yellow-cheese,typical_of_concept,all
575,False,0.7,rare-unusual,few,hot-utensil,rare,few
576,False,0.8,unusual-variability_open,few-some,dangerous-nitrazepam,variability_open,some
577,False,0.7,variability_limited-variability_open,some,square-dresser,variability_open,some
578,False,1.0,afforded_usual-implied_category-typical_of_concept-typical_of_property,all,lay_eggs-duck,afforded_usual-implied_category,all
579,False,0.8,rare-unusual,few,black-lobster,rare-unusual,few
580,False,1.0,affording_activity-implied_category-typical_of_concept-typical_of_property,all,wheels-cart,affording_activity-implied_category-typical_of_concept-typical_of_property,all
581,False,1.0,affording_activity-implied_category-typical_of_concept-variability_open,all-some,hot-meat,variability_open,some
582,False,0.8,rare-unusual,few,black-pear,rare-unusual,few
583,False,1.0,rare-unusual,few,yellow-oven,unusual,few
584,False,1.0,affording_activity-implied_category-typical_of_concept-typical_of_property,all,dangerous-shotgun,affording_activity-implied_category-typical_of_concept,all
585,False,0.6,unusual,few,made_of_wood-crosshead,unusual,few
586,False,0.8,creative,creative,wheels-passenger,creative,creative
587,False,1.0,afforded_usual-implied_category-typical_of_concept-typical_of_property,all,lay_eggs-quail,afforded_usual-implied_category-typical_of_concept,all
588,False,0.7,implied_category-variability_limited,all-some,square-macintosh,variability_limited,some
589,False,0.9,afforded_usual-implied_category-typical_of_concept,all,lay_eggs-cotingidae,implied_category,all
590,False,0.8,creative-impossible,creative-few,fly-howler,creative,creative
591,False,0.7,impossible,few,square-globe,impossible,few
592,False,0.9,affording_activity-implied_category-typical_of_concept-typical_of_property-variability_limited,all-some,sweet-lychee,implied_category,all
593,False,0.7,rare-unusual,few,yellow-pecan,unusual,few
594,False,0.9,rare-variability_open,few-some,hot-cake,variability_open,some
595,False,0.6,unusual-variability_limited,few-some,made_of_wood-pin,unusual-variability_limited,few-some
596,False,1.0,affording_activity-implied_category-typical_of_concept-typical_of_property,all,black-coal,typical_of_concept,all
597,False,0.8,variability_limited-variability_open,some,square-bathroom,variability_open,some
598,False,0.8,rare-unusual,few,made_of_wood-holster,unusual,few
599,False,0.2,,,yellow-barley,unusual,few
600,False,0.7,creative-impossible-unusual,creative-few,fly-cart,creative-impossible-unusual,creative-few
601,False,0.9,affording_activity-implied_category-typical_of_concept-variability_open,all-some,hot-noodle,variability_open,some
602,False,0.9,affording_activity-implied_category-typical_of_concept-variability_limited,all-some,sweet-dewberry,typical_of_concept,all
603,False,0.8,rare-unusual,few,black-alligator,unusual,few
604,True,0.4,,,wheels-cruiser,affording_activity-implied_category-impossible-typical_of_concept-unusual,all-few
605,False,0.7,rare-unusual,few,dangerous-menthol,unusual,few
606,False,0.7777777777777778,typical_of_concept-variability_limited-variability_open,all-some,square-fireplace,variability_open,some
607,False,0.8888888888888888,affording_activity-typical_of_concept-variability_limited,all-some,sweet-taro,typical_of_concept,all
608,False,0.6666666666666666,impossible,few,lay_eggs-muskrat,impossible,few
609,False,1.0,affording_activity-implied_category-typical_of_concept,all,wheels-taxicab,affording_activity-implied_category,all
610,False,1.0,rare-variability_open,few-some,black-ring,rare,few
611,False,0.8888888888888888,affording_activity-implied_category-typical_of_concept-variability_limited,all-some,made_of_wood-gunwale,typical_of_concept,all
612,False,0.8888888888888888,affording_activity-implied_category-typical_of_concept-typical_of_property-variability_open,all-some,dangerous-conspirator,typical_of_concept,all
613,False,0.9,affording_activity-implied_category-typical_of_concept,all,wheels-motorbus,affording_activity-implied_category,all
614,False,0.9,rare-unusual,few,yellow-tomato,rare,few
615,False,1.0,afforded_usual-implied_category-typical_of_concept-typical_of_property,all,fly-robin,afforded_usual,all
616,False,1.0,affording_activity-implied_category-typical_of_concept-typical_of_property-variability_open,all-some,hot-wok,affording_activity,all
617,False,0.8,variability_limited-variability_open,some,black-dog,variability_limited-variability_open,some
618,False,0.9,affording_activity-implied_category-typical_of_concept-typical_of_property-variability_limited,all-some,sweet-plum,implied_category,all
619,False,0.7,creative,creative,lay_eggs-howler,creative,creative
620,False,0.6,variability_open,some,square-dining,variability_open,some
621,False,0.6,rare-unusual,few,dangerous-unction,rare-unusual,few
622,False,0.8,affording_activity-implied_category,all,wheels-railcar,affording_activity-implied_category,all
623,False,0.9,rare-unusual,few,dangerous-plane,rare,few
624,False,0.9,rare-unusual,few,dangerous-opener,rare,few
625,False,0.6,affording_activity,all,wheels-rig,affording_activity,all
626,False,0.8,rare-unusual-variability_limited-variability_open,few-some,wheels-stage,rare-unusual,few
627,False,1.0,rare-unusual,few,dangerous-bar,unusual,few
628,False,0.9,creative-impossible,creative-few,fly-submarine,impossible,few
629,False,0.7,typical_of_concept-variability_limited,all-some,black-rhagoletis,variability_limited,some
630,False,0.6,rare,few,yellow-cloak,rare,few
631,False,0.8,rare-unusual-variability_limited,few-some,square-phone,variability_limited,some
632,False,1.0,rare-unusual-variability_limited,few-some,sweet-rye,unusual,few
633,False,1.0,affording_activity-implied_category-typical_of_concept-typical_of_property,all,wheels-motorcar,affording_activity-implied_category-typical_of_concept-typical_of_property,all
634,False,1.0,affording_activity-implied_category-typical_of_concept-typical_of_property,all,hot-flame,affording_activity-implied_category-typical_of_concept-typical_of_property,all
635,False,0.6,creative,creative,dangerous-dip,creative,creative
636,False,0.6,afforded_unusual-afforded_usual-implied_category,all,lay_eggs-toadfish,afforded_unusual-afforded_usual-implied_category,all
637,False,0.9090909090909091,affording_activity-typical_of_concept-variability_limited-variability_open,all-some,made_of_wood-fingerboard,variability_limited,some
638,False,1.0,typical_of_property-variability_limited,all-some,fly-machine,variability_limited,some
639,False,0.7272727272727273,rare-unusual,few,hot-puzzle,unusual,few
640,False,0.8,creative-rare-unusual,creative-few,sweet-kale,rare-unusual,few
641,False,0.9090909090909091,implied_category-rare-variability_limited-variability_open,all-few-some,dangerous-bootlegger,variability_open,some
642,False,1.0,rare-unusual-variability_limited,few-some,square-doorknob,rare,few
643,False,0.1,,,yellow-potato,creative-rare-unusual,creative-few
644,False,1.0,affording_activity-implied_category-typical_of_concept-typical_of_property,all,wheels-suv,implied_category,all
645,False,1.0,affording_activity-implied_category-typical_of_concept-variability_limited,all-some,made_of_wood-oar,typical_of_concept,all
646,False,0.5,,,wheels-engine,variability_limited,some
647,False,0.9,rare-unusual,few,black-cucumber,unusual,few
648,False,1.0,affording_activity-implied_category-typical_of_concept-typical_of_property-variability_limited,all-some,sweet-biscuit,affording_activity-typical_of_concept-typical_of_property,all
649,False,1.0,creative-impossible,creative-few,fly-ape,impossible,few
650,False,0.8,rare-unusual,few,yellow-garlic,unusual,few
651,False,1.0,afforded_usual-implied_category-typical_of_concept-typical_of_property,all,lay_eggs-turkey,implied_category,all
652,False,0.9,affording_activity-implied_category-typical_of_concept-typical_of_property-variability_limited-variability_open,all-some,square-cubicle,typical_of_concept,all
653,False,0.9,rare-unusual-variability_limited,few-some,sweet-radish,unusual,few
654,False,0.18181818181818182,,,square-text,impossible-rare-unusual,few
655,False,0.9090909090909091,creative-impossible,creative-few,fly-bogie,impossible,few
656,False,0.8181818181818182,affording_activity-implied_category-typical_of_concept-typical_of_property-variability_limited-variability_open,all-some,dangerous-scalpel,implied_category-variability_open,all-some
657,False,0.7272727272727273,creative-rare-unusual,creative-few,made_of_wood-windshield,unusual,few
658,False,0.2727272727272727,,,black-bean,unusual,few
659,True,0.5454545454545454,implied_category-impossible,all-few,lay_eggs-skate,implied_category-impossible,all-few
660,False,0.9090909090909091,affording_activity-implied_category-typical_of_concept-typical_of_property,all,wheels-coupe,affording_activity-implied_category-typical_of_concept,all
661,False,0.5454545454545454,rare-unusual,few,yellow-mamey,rare-unusual,few
662,False,0.9090909090909091,affording_activity-implied_category-typical_of_concept-variability_open,all-some,hot-cookware,variability_open,some
663,False,0.7777777777777778,affording_activity-implied_category-variability_open,all-some,wheels-carrier,implied_category,all
664,False,0.8888888888888888,typical_of_concept-typical_of_property-variability_limited-variability_open,all-some,made_of_wood-ladder,typical_of_concept,all
665,False,1.0,affording_activity-implied_category-typical_of_concept-typical_of_property-variability_open,all-some,hot-barbecue,affording_activity,all
666,False,0.6666666666666666,impossible,few,lay_eggs-pointer,impossible,few
667,False,0.7777777777777778,impossible,few,fly-haddock,impossible,few
668,True,0.4444444444444444,,,sweet-shiitake,affording_activity-creative-unusual-variability_limited,all-creative-few-some
669,False,0.8888888888888888,affording_activity-implied_category-typical_of_concept-typical_of_property,all,dangerous-raper,implied_category,all
670,False,1.0,affording_activity-implied_category-typical_of_concept-typical_of_property-variability_limited,all-some,made_of_wood-guitar,variability_limited,some
671,False,0.8,impossible,few,lay_eggs-hack,impossible,few
672,False,0.7,afforded_usual-implied_category-typical_of_concept,all,fly-towhee,afforded_usual-implied_category,all
673,False,1.0,affording_activity-implied_category-typical_of_concept-typical_of_property,all,dangerous-torpedo,implied_category,all
674,False,0.6,rare-unusual,few,sweet-crab,rare-unusual,few
675,False,0.7,creative-impossible-unusual,creative-few,hot-sundae,creative-impossible,creative-few
676,False,0.5,,,wheels-saloon,implied_category,all
677,False,0.4,,,square-pew,variability_limited,some
678,False,0.7,impossible,few,lay_eggs-drill,impossible,few
679,False,0.8888888888888888,affording_activity-implied_category-typical_of_concept-variability_limited,all-some,wheels-flatcar,affording_activity-implied_category,all
680,False,0.7777777777777778,creative-rare-typical_of_concept-unusual-variability_limited,all-creative-few-some,black-zebra,unusual-variability_limited,few-some
681,False,0.6666666666666666,affording_activity-unusual-variability_limited-variability_open,all-few-some,sweet-muscat,variability_limited-variability_open,some
682,False,0.6666666666666666,rare-unusual,few,yellow-plumeria,unusual,few
683,False,0.8888888888888888,creative-rare-unusual,creative-few,hot-yogurt,unusual,few
684,False,0.7777777777777778,rare-unusual-variability_limited-variability_open,few-some,dangerous-colchicine,rare,few
685,False,0.5555555555555556,creative-unusual,creative-few,made_of_wood-carabiner,creative-unusual,creative-few
686,False,0.875,rare-unusual-variability_limited-variability_open,few-some,made_of_wood-button,variability_limited-variability_open,some
687,False,1.0,affording_activity-implied_category-typical_of_concept-typical_of_property,all,wheels-cab,affording_activity-implied_category,all
688,False,0.875,rare-unusual,few,dangerous-arm,unusual,few
689,False,1.0,affording_activity-implied_category-typical_of_concept-typical_of_property-variability_limited,all-some,sweet-candy,affording_activity-implied_category-typical_of_concept-typical_of_property,all
690,False,1.0,affording_activity-implied_category-typical_of_concept-typical_of_property-variability_open,all-some,hot-roast,typical_of_concept,all
691,False,0.75,rare-unusual-variability_limited,few-some,black-frogmouth,rare-unusual,few
692,False,1.0,afforded_usual-implied_category-typical_of_concept,all,lay_eggs-typhlopidae,implied_category,all
693,False,1.0,afforded_usual-implied_category-typical_of_concept-typical_of_property,all,lay_eggs-paridae,implied_category,all
694,False,0.3,,,yellow-plantain,rare,few
695,False,0.6,impossible,few,fly-cob,impossible,few
696,False,0.7,affording_activity-implied_category-typical_of_concept-variability_limited-variability_open,all-some,hot-atole,affording_activity-variability_limited,all-some
697,False,0.7,variability_limited-variability_open,some,square-page,variability_limited-variability_open,some
698,False,0.9,affording_activity-implied_category-typical_of_concept-typical_of_property-variability_limited,all-some,dangerous-firearm,typical_of_concept,all
699,False,0.5,,,sweet-lobster,creative-unusual,creative-few
700,False,0.6,unusual,few,black-thornbill,unusual,few
701,False,0.8,rare-variability_limited,few-some,sweet-hazelnut,variability_limited,some
702,False,0.9,creative-rare-unusual,creative-few,hot-candy,unusual,few
703,False,0.8,affording_activity-implied_category-typical_of_concept-typical_of_property-variability_limited,all-some,made_of_wood-timber,typical_of_concept,all
704,False,0.9,affording_activity-implied_category-typical_of_concept,all,wheels-carriage,affording_activity-implied_category,all
705,False,0.7,impossible,few,lay_eggs-eland,impossible,few
706,False,0.7,unusual,few,yellow-vanilla,unusual,few
707,False,0.8,unusual-variability_limited,few-some,black-pipefish,variability_limited,some
708,False,0.9,afforded_usual-implied_category-typical_of_concept-typical_of_property,all,fly-nuthatch,afforded_usual,all
709,False,0.4,,,wheels-hackney,affording_activity-implied_category,all
710,False,0.8,impossible,few,fly-grouper,impossible,few
711,False,0.7,rare-unusual,few,black-carnation,unusual,few
712,False,0.8,variability_limited,some,yellow-grapefruit,variability_limited,some
713,False,0.6,implied_category,all,lay_eggs-bunting,implied_category,all
714,False,1.0,rare-unusual,few,hot-basement,unusual,few
715,False,0.8,unusual,few,square-pen,unusual,few
716,False,0.9,rare-unusual,few,dangerous-mop,rare-unusual,few
717,False,0.6,creative,creative,sweet-emperor,creative,creative
718,False,0.5,,,made_of_wood-fireplace,impossible,few
719,False,1.0,afforded_usual-implied_category-typical_of_concept-typical_of_property,all,fly-seagull,afforded_usual-implied_category-typical_of_concept,all
720,False,0.8,impossible,few,lay_eggs-mangabey,impossible,few
721,False,0.7777777777777778,variability_limited,some,black-bear,variability_limited,some
722,False,0.8,rare-unusual,few,yellow-truffle,unusual,few
723,False,0.6666666666666666,creative-rare-unusual,creative-few,sweet-cauliflower,unusual,few
724,False,1.0,affording_activity-implied_category-typical_of_concept-typical_of_property-variability_limited,all-some,made_of_wood-joist,implied_category,all
725,False,0.8888888888888888,rare-unusual,few,dangerous-plier,unusual,few
726,False,0.7,creative-impossible-unusual,creative-few,wheels-warship,unusual,few
727,False,0.9,affording_activity-implied_category-typical_of_concept-typical_of_property,all,hot-steam,typical_of_concept-typical_of_property,all
728,False,0.9090909090909091,creative-rare-unusual,creative-few,dangerous-spud,unusual,few
729,False,0.5384615384615384,variability_open,some,wheels-bodywork,variability_open,some
730,False,1.0,affording_activity-implied_category-typical_of_concept-typical_of_property,all,hot-campfire,implied_category-typical_of_concept,all
731,False,0.8571428571428571,creative-impossible,creative-few,sweet-peeler,impossible,few
732,False,0.8666666666666667,afforded_usual-implied_category-typical_of_concept,all,fly-tit,implied_category,all
733,False,0.6,rare,few,yellow-syrup,rare,few
734,False,0.9230769230769231,afforded_usual-implied_category-typical_of_concept-typical_of_property,all,lay_eggs-robin,implied_category,all
735,False,0.9230769230769231,affording_activity-implied_category-typical_of_concept-typical_of_property,all,made_of_wood-pine,typical_of_concept,all
736,False,0.7272727272727273,creative-impossible-rare-unusual,creative-few,square-frisbee,unusual,few
737,False,0.9,typical_of_concept-variability_limited,all-some,black-aubergine,variability_limited,some
738,False,0.6,implied_category,all,dangerous-bolo,implied_category,all
739,False,1.0,afforded_usual-implied_category-typical_of_concept-typical_of_property,all,lay_eggs-stork,implied_category,all
740,False,0.9,affording_activity-implied_category-typical_of_concept-typical_of_property-variability_limited-variability_open,all-some,square-clipboard,variability_limited,some
741,False,1.0,affording_activity-implied_category-typical_of_concept-typical_of_property,all,wheels-handcart,affording_activity-typical_of_concept,all
742,False,0.9,rare-unusual,few,hot-lemonade,unusual,few
743,False,0.9,affording_activity-implied_category-typical_of_concept-typical_of_property-variability_limited,all-some,made_of_wood-arrow,typical_of_concept-variability_limited,all-some
744,False,1.0,affording_activity-implied_category-typical_of_concept-typical_of_property-variability_limited,all-some,sweet-apricot,affording_activity-implied_category-typical_of_concept,all
745,False,1.0,affording_activity-implied_category-typical_of_concept-typical_of_property,all,wheels-trolley,affording_activity-implied_category-typical_of_concept,all
746,False,1.0,affording_activity-implied_category-typical_of_concept-variability_open,all-some,hot-pizza,affording_activity,all
747,False,0.5,,,dangerous-mandrill,rare-unusual,few
748,False,0.8,creative-impossible,creative-few,lay_eggs-cuscus,impossible,few
749,False,0.8,variability_open,some,black-pot,variability_open,some
750,False,0.9,rare-unusual-variability_limited-variability_open,few-some,made_of_wood-wheel,rare,few
751,False,0.6,creative-impossible,creative-few,fly-sharpie,creative-impossible,creative-few
752,False,1.0,affording_activity-implied_category-typical_of_concept,all,wheels-limousine,affording_activity-implied_category,all
753,False,0.8,affording_activity-implied_category-typical_of_concept-typical_of_property-variability_limited,all-some,black-magpie,implied_category-variability_limited,all-some
754,False,1.0,affording_activity-implied_category-typical_of_concept-variability_open,all-some,hot-casserole,typical_of_concept,all
755,False,1.0,creative-impossible,creative-few,square-planet,impossible,few
756,False,1.0,creative-unusual,creative-few,made_of_wood-cushion,creative,creative
757,False,0.7,creative-impossible,creative-few,fly-junk,impossible,few
758,False,0.9,affording_activity-implied_category-typical_of_concept,all,dangerous-saxitoxin,affording_activity-implied_category,all
759,False,0.9,creative-impossible,creative-few,lay_eggs-coypu,impossible,few
760,False,1.0,afforded_usual-implied_category-typical_of_concept-typical_of_property,all,fly-avocet,afforded_usual-implied_category,all
761,False,1.0,affording_activity-implied_category-typical_of_concept-typical_of_property-variability_limited,all-some,yellow-sun,typical_of_concept,all
762,False,0.8,typical_of_concept-typical_of_property-variability_limited,all-some,made_of_wood-boat,typical_of_concept-variability_limited,all-some
763,False,1.0,affording_activity-implied_category-typical_of_concept-typical_of_property-variability_open,all-some,hot-furnace,affording_activity-variability_open,all-some
764,False,0.8,affording_activity-implied_category-typical_of_concept,all,dangerous-hammer,implied_category,all
765,False,0.7,afforded_usual-implied_category,all,lay_eggs-pickerel,afforded_usual-implied_category,all
766,False,0.5,,,black-humor,variability_limited,some
767,False,1.0,affording_activity-implied_category-typical_of_concept-typical_of_property-variability_limited,all-some,sweet-raspberry,affording_activity-implied_category-typical_of_concept,all
768,False,1.0,affording_activity-implied_category-typical_of_concept-variability_limited,all-some,wheels-undercarriage,implied_category,all
769,False,0.7,typical_of_concept-variability_limited,all-some,made_of_wood-bridge,variability_limited,some
770,False,0.8,implied_category-typical_of_concept-variability_limited,all-some,square-dumbwaiter,typical_of_concept,all
771,False,0.9,creative-impossible,creative-few,fly-scull,impossible,few
772,False,0.9,rare-unusual-variability_open,few-some,dangerous-ointment,unusual,few
773,False,0.9,affording_activity-implied_category-typical_of_concept-typical_of_property-variability_limited,all-some,sweet-nectarine,affording_activity-implied_category-typical_of_concept-variability_limited,all-some
774,False,0.9,rare-unusual,few,hot-cheesecloth,unusual,few
775,False,0.9,creative-rare-unusual,creative-few,black-apple,unusual,few
776,False,0.6,impossible,few,lay_eggs-mole,impossible,few
777,False,0.7,rare-unusual,few,sweet-zucchini,unusual,few
778,False,0.9,impossible,few,fly-plaice,impossible,few
779,False,0.9,creative-impossible,creative-few,square-wheel,impossible,few
780,False,1.0,afforded_usual-implied_category-typical_of_concept,all,lay_eggs-psittacula,afforded_usual,all
781,False,1.0,affording_activity-implied_category-typical_of_concept-typical_of_property,all,wheels-rickshaw,affording_activity,all
782,False,0.6,rare,few,yellow-pawpaw,rare,few
783,False,0.6,impossible,few,made_of_wood-microtome,impossible,few
784,False,0.8,rare-unusual-variability_open,few-some,black-pansy,rare-unusual,few
785,False,1.0,implied_category-typical_of_concept-typical_of_property-variability_limited,all-some,black-starling,typical_of_concept,all
786,False,1.0,affording_activity-implied_category-typical_of_concept-typical_of_property-variability_limited,all-some,sweet-pie,implied_category-typical_of_property,all
787,False,1.0,creative-impossible,creative-few,fly-shunter,impossible,few
788,False,0.7,rare-unusual,few,yellow-willow,unusual,few
789,False,0.8,rare-unusual-variability_open,few-some,dangerous-ciprofloxacin,rare,few
790,False,0.8,implied_category-typical_of_concept-typical_of_property-variability_limited-variability_open,all-some,square-wallpaper,variability_limited,some
791,False,1.0,affording_activity-implied_category-typical_of_concept-typical_of_property,all,wheels-charabanc,affording_activity-implied_category-typical_of_concept,all
792,False,0.9,affording_activity-implied_category-variability_limited,all-some,made_of_wood-drum,variability_limited,some
793,False,0.9,affording_activity-typical_of_concept-variability_open,all-some,hot-toast,variability_open,some
794,False,0.8,variability_limited,some,square-balcony,variability_limited,some
795,False,0.8,typical_of_concept-typical_of_property-variability_open,all-some,yellow-taxi,typical_of_concept,all
796,False,1.0,typical_of_concept-variability_limited,all-some,black-penguin,variability_limited,some
797,False,0.9,afforded_usual-implied_category-typical_of_concept,all,fly-goldcrest,afforded_usual-typical_of_concept,all
798,False,0.8,affording_activity-typical_of_concept-variability_limited,all-some,sweet-orange,variability_limited,some
799,False,0.9,typical_of_concept-variability_limited,all-some,made_of_wood-spear,variability_limited,some
800,False,0.7,impossible-unusual,few,wheels-gondola,impossible,few
801,False,1.0,affording_activity-implied_category-typical_of_concept-typical_of_property,all,dangerous-gun,typical_of_concept-typical_of_property,all
802,False,0.7,variability_limited,some,square-lavatory,variability_limited,some
803,False,0.8,unusual-variability_limited,few-some,sweet-spud,variability_limited,some
804,False,0.7,afforded_usual-implied_category,all,lay_eggs-pleuronectidae,afforded_usual,all
805,False,0.8,creative-typical_of_concept-variability_open,all-creative-some,black-nightmare,variability_open,some
806,False,0.7,variability_open,some,yellow-sandpaper,variability_open,some
807,False,0.8,rare-unusual,few,hot-cooler,unusual,few
808,False,0.9,impossible,few,made_of_wood-date,impossible,few
809,False,0.7,implied_category-variability_limited,all-some,fly-fowl,implied_category,all
810,False,1.0,afforded_usual-implied_category-typical_of_concept-typical_of_property,all,lay_eggs-grackle,implied_category,all
811,False,0.8,variability_limited-variability_open,some,square-lounge,variability_limited,some
812,False,0.9,afforded_usual-implied_category-typical_of_concept,all,fly-caracara,afforded_usual-implied_category,all
813,False,1.0,affording_activity-implied_category-typical_of_concept-typical_of_property-variability_open,all-some,dangerous-knife,implied_category-typical_of_concept-typical_of_property,all
814,False,1.0,affording_activity-implied_category-typical_of_concept-typical_of_property-variability_limited-variability_open,all-some,sweet-donut,affording_activity-implied_category,all
815,False,0.7,rare-unusual,few,made_of_wood-breechblock,rare-unusual,few
816,False,1.0,affording_activity-implied_category,all,wheels-airplane,affording_activity,all
817,False,0.8,rare-unusual,few,yellow-pistachio,rare,few
818,False,0.9,creative-impossible,creative-few,fly-poacher,impossible,few
819,False,0.9,implied_category-typical_of_concept-variability_limited,all-some,made_of_wood-fipple,variability_limited,some
820,False,0.7,creative-unusual,creative-few,yellow-miner,creative,creative
821,False,0.7,rare-unusual,few,sweet-butter,rare,few
822,False,0.8,rare-unusual,few,black-cider,unusual,few
823,False,0.8,rare-unusual,few,wheels-vessel,rare-unusual,few
824,False,1.0,affording_activity-typical_of_concept-variability_open,all-some,hot-dish,typical_of_concept-variability_open,all-some
825,False,0.6,variability_open,some,square-cafeteria,variability_open,some
826,False,0.9,creative-impossible,creative-few,lay_eggs-equine,impossible,few
827,False,0.9,variability_limited,some,sweet-squash,variability_limited,some
828,False,0.6,impossible,few,fly-glutton,impossible,few
829,False,0.9,affording_activity-implied_category-typical_of_concept-typical_of_property-variability_open,all-some,dangerous-scorpion,typical_of_concept,all
830,False,1.0,affording_activity-implied_category-typical_of_concept-typical_of_property-variability_open,all-some,hot-stove,affording_activity-typical_of_concept,all
831,False,1.0,rare-unusual-variability_open,few-some,black-pyramid,unusual,few
832,False,1.0,afforded_usual-implied_category-typical_of_concept,all,lay_eggs-emberizidae,afforded_usual,all
833,False,0.8,affording_activity-implied_category-typical_of_concept,all,wheels-axle,affording_activity,all
834,False,0.9,affording_activity-implied_category-typical_of_concept-variability_limited-variability_open,all-some,made_of_wood-houseboat,variability_limited,some
835,False,1.0,affording_activity-implied_category-typical_of_concept-variability_limited,all-some,sweet-mangosteen,implied_category,all
836,False,1.0,implied_category-typical_of_concept-variability_limited,all-some,black-raisin,variability_limited,some
837,False,0.9,afforded_usual-implied_category-typical_of_concept,all,lay_eggs-strigidae,afforded_usual-implied_category,all
838,False,0.8,variability_open,some,hot-bread,variability_open,some
839,False,0.6,rare,few,yellow-millipede,rare,few
840,False,0.8,implied_category-variability_limited-variability_open,all-some,square-workstation,variability_limited-variability_open,some
841,False,0.9,affording_activity-implied_category-typical_of_concept-typical_of_property-variability_limited,all-some,dangerous-gunman,implied_category,all
842,False,0.9,creative-impossible,creative-few,fly-van,impossible,few
843,False,0.9,affording_activity-variability_limited,all-some,square-folder,variability_limited,some
844,False,0.9,afforded_usual-implied_category,all,lay_eggs-pipefish,afforded_usual-implied_category,all
845,False,0.7,creative-impossible-unusual,creative-few,sweet-mast,impossible,few
846,False,0.8,rare-unusual-variability_open,few-some,hot-can,rare,few
847,False,0.7,unusual-variability_open,few-some,dangerous-dose,unusual-variability_open,few-some
848,False,0.7,impossible-rare-unusual,few,black-buttercup,unusual,few
849,False,0.7,rare-unusual,few,yellow-alligator,unusual,few
850,False,0.8,affording_activity-implied_category-typical_of_concept,all,dangerous-harpoon,affording_activity-implied_category,all
851,False,1.0,affording_activity-implied_category-typical_of_concept-typical_of_property-variability_open,all-some,hot-burner,affording_activity-typical_of_concept,all
852,False,0.6,variability_limited,some,sweet-fenugreek,variability_limited,some
853,False,1.0,variability_open,some,black-bird,variability_open,some
854,False,1.0,affording_activity-implied_category-typical_of_concept-typical_of_property-variability_limited,all-some,made_of_wood-harp,variability_limited,some
855,False,0.7,impossible,few,fly-jade,impossible,few
856,False,1.0,creative-impossible,creative-few,lay_eggs-moose,impossible,few
857,False,0.7777777777777778,rare-unusual-variability_open,few-some,dangerous-elixir,rare,few
858,False,0.5555555555555556,implied_category,all,hot-smoke,implied_category,all
859,False,1.0,afforded_usual-implied_category-typical_of_concept-typical_of_property,all,fly-motacilla,afforded_usual-implied_category-typical_of_concept,all
860,False,0.6666666666666666,impossible,few,sweet-amaranth,impossible,few
861,False,0.6666666666666666,typical_of_concept-variability_limited,all-some,made_of_wood-club,typical_of_concept,all
862,False,1.0,affording_activity-implied_category-typical_of_concept-typical_of_property,all,wheels-tractor,affording_activity-implied_category,all
863,False,0.5555555555555556,affording_activity-variability_limited-variability_open,all-some,square-closet,affording_activity-variability_limited-variability_open,all-some
864,False,0.8,rare-unusual,few,black-corn,rare,few
865,False,0.8,impossible,few,square-orange,impossible,few
866,False,0.7,rare-unusual-variability_open,few-some,hot-jar,unusual-variability_open,few-some
867,False,0.8,variability_limited,some,sweet-walnut,variability_limited,some
868,False,1.0,creative-impossible,creative-few,fly-silverback,impossible,few
869,False,1.0,afforded_usual-implied_category-typical_of_concept-typical_of_property,all,lay_eggs-pintail,afforded_usual-implied_category-typical_of_concept,all
870,False,0.8,implied_category-rare-unusual-variability_open,all-few-some,dangerous-mattock,unusual-variability_open,few-some
871,False,0.8,impossible,few,lay_eggs-pig,impossible,few
872,False,0.9,creative-impossible,creative-few,fly-taxi,impossible,few
873,False,0.8,rare-unusual,few,square-apple,unusual,few
874,False,0.6,creative-rare-unusual,creative-few,sweet-bean,creative-rare-unusual,creative-few
875,False,0.9,rare-variability_open,few-some,hot-glass,variability_open,some
876,False,0.8,creative-rare-unusual,creative-few,yellow-fox,unusual,few
877,False,0.9,variability_limited-variability_open,some,black-oven,variability_open,some
878,False,0.7,rare-variability_limited-variability_open,few-some,made_of_wood-puppet,rare-variability_limited,few-some
879,False,0.6,unusual-variability_open,few-some,wheels-chaise,unusual-variability_open,few-some
880,False,0.7,impossible,few,made_of_wood-forepaw,impossible,few
881,False,0.9,typical_of_concept-variability_open,all-some,square-tray,variability_open,some
882,False,1.0,affording_activity-implied_category-typical_of_concept-typical_of_property-variability_open,all-some,hot-kiln,affording_activity,all
883,False,0.9,rare-unusual,few,dangerous-aspirin,rare-unusual,few
884,False,1.0,affording_activity-implied_category-typical_of_concept-variability_limited,all-some,sweet-pomegranate,variability_limited,some
885,False,0.2,,,yellow-candy,rare,few
886,False,0.7,rare-variability_limited,few-some,black-crocodile,rare-variability_limited,few-some
887,False,0.7,creative-impossible,creative-few,fly-sloop,impossible,few
888,False,1.0,typical_of_concept-variability_limited,all-some,black-cow,variability_limited,some
889,False,1.0,affording_activity-variability_limited,all-some,sweet-coconut,variability_limited,some
890,False,0.9090909090909091,creative-impossible,creative-few,fly-barnacle,impossible,few
891,False,0.9,variability_limited-variability_open,some,square-suite,variability_limited,some
892,False,1.0,affording_activity-implied_category-typical_of_concept-variability_limited,all-some,made_of_wood-cello,implied_category,all
893,False,0.7,impossible,few,lay_eggs-world,impossible,few
894,False,0.9,rare-unusual,few,yellow-dog,unusual,few
895,False,0.5,,,wheels-underframe,implied_category,all
896,False,0.8888888888888888,variability_limited,some,black-rabbit,variability_limited,some
897,False,0.8888888888888888,creative-rare-unusual,creative-few,sweet-lemon,unusual,few
898,False,0.7777777777777778,rare-unusual-variability_limited,few-some,made_of_wood-mandrel,variability_limited,some
899,False,0.7777777777777778,afforded_unusual-afforded_usual-implied_category-typical_of_concept,all,lay_eggs-haliaeetus,afforded_usual-implied_category,all
900,False,1.0,rare-unusual,few,dangerous-laxative,unusual,few
901,False,0.8888888888888888,impossible,few,fly-buffalo,impossible,few
902,False,1.0,affording_activity-implied_category-typical_of_concept-typical_of_property,all,wheels-scooter,affording_activity-implied_category-typical_of_concept,all
903,False,1.0,affording_activity-implied_category-typical_of_concept,all,hot-lightning,implied_category,all
904,False,0.8,rare-unusual,few,made_of_wood-saw,unusual,few
905,False,0.8,affording_activity-typical_of_concept-variability_open,all-some,hot-bulb,variability_open,some
906,False,1.0,afforded_usual-implied_category-typical_of_concept,all,lay_eggs-laridae,afforded_usual-implied_category,all
907,False,0.9,unusual-variability_limited,few-some,sweet-wine,variability_limited,some
908,False,0.9,afforded_usual-implied_category-typical_of_concept-typical_of_property,all,fly-titmouse,afforded_usual-implied_category,all
909,False,1.0,rare-unusual-variability_open,few-some,black-flower,rare,few
910,False,0.7,rare-unusual,few,yellow-chameleon,unusual,few
911,False,1.0,rare-unusual,few,dangerous-glove,unusual,few
912,False,0.9,implied_category-typical_of_concept-variability_limited-variability_open,all-some,square-carrel,typical_of_concept,all
913,False,0.9,affording_activity-implied_category-typical_of_concept-typical_of_property,all,wheels-roadster,affording_activity-implied_category,all
914,False,0.9,rare-unusual,few,yellow-chive,rare-unusual,few
915,False,0.8,affording_activity-implied_category-typical_of_concept-typical_of_property,all,dangerous-warhead,affording_activity-implied_category-typical_of_concept-typical_of_property,all
916,False,1.0,affording_activity-implied_category-typical_of_concept-typical_of_property-variability_limited,all-some,made_of_wood-weatherboard,variability_limited,some
917,False,0.8,rare-unusual,few,hot-cream,rare,few
918,False,0.7,unusual-variability_limited,few-some,black-potoroo,unusual,few
919,False,0.9,implied_category-typical_of_concept-variability_limited,all-some,sweet-pome,variability_limited,some
920,False,1.0,afforded_usual-implied_category-typical_of_concept-typical_of_property,all,fly-gull,afforded_usual,all
